"Time (s)","Magnetic Field x (µT)","Magnetic Field y (µT)","Magnetic Field z (µT)","Absolute field (µT)"
4.199633333E-2,2.696163940E1,-1.462703705E1,-4.254641724E1,5.245071813E1
5.196933332E-2,2.692008972E1,-1.453746796E1,-4.265414429E1,5.249195396E1
6.194233333E-2,2.687170410E1,-1.426134491E1,-4.278500366E1,5.249791404E1
7.191633333E-2,2.693665314E1,-1.380119324E1,-4.303387451E1,5.261150608E1
8.188933332E-2,2.676646423E1,-1.352314758E1,-4.285479736E1,5.230538008E1
9.186233333E-2,2.639244843E1,-1.293669891E1,-4.345623779E1,5.246297853E1
1.018353333E-1,2.650161743E1,-1.288252258E1,-4.351416016E1,5.255261410E1
1.118083333E-1,2.643555450E1,-1.242018127E1,-4.369949341E1,5.256182235E1
1.217823333E-1,2.636669922E1,-1.209613800E1,-4.331500244E1,5.213164892E1
1.317553333E-1,2.627296448E1,-1.180526733E1,-4.353469849E1,5.220060317E1
1.417283333E-1,2.629526520E1,-1.143415070E1,-4.367227173E1,5.224412017E1
1.517013333E-1,2.629251099E1,-1.115186310E1,-4.387835693E1,5.235427768E1
1.616743333E-1,2.641546631E1,-1.073149109E1,-4.381182861E1,5.227253665E1
1.716483333E-1,2.610925293E1,-1.056912994E1,-4.374667358E1,5.203048189E1
1.816213333E-1,2.627291870E1,-1.057703400E1,-4.409350586E1,5.240588864E1
1.915943333E-1,2.643802643E1,-1.015373230E1,-4.403726196E1,5.235788348E1
2.015673333E-1,2.657043457E1,-1.038423920E1,-4.403207397E1,5.246564548E1
2.115403333E-1,2.653102875E1,-1.026916504E1,-4.373019409E1,5.216973368E1
2.215143333E-1,2.665475464E1,-1.040721130E1,-4.338662720E1,5.197292960E1
2.314873333E-1,2.664572906E1,-1.008842468E1,-4.365505981E1,5.212998597E1
2.414603333E-1,2.705603027E1,-9.940963745E0,-4.351309204E1,5.219425939E1
2.514333333E-1,2.705271149E1,-1.000238037E1,-4.360046387E1,5.227711986E1
2.614063333E-1,2.712162018E1,-9.673652649E0,-4.377951050E1,5.240045206E1
2.713803333E-1,2.721932220E1,-9.518325806E0,-4.358618164E1,5.226131703E1
2.813533333E-1,2.713543701E1,-9.293746948E0,-4.350073242E1,5.210584800E1
2.913263333E-1,2.722059631E1,-9.271797180E0,-4.361764526E1,5.224390936E1
3.012993333E-1,2.719993591E1,-9.304939270E0,-4.384674072E1,5.243047855E1
3.112723333E-1,2.723081970E1,-9.099830627E0,-4.350531006E1,5.212519988E1
3.212453333E-1,2.714919281E1,-8.937530518E0,-4.361779785E1,5.214854180E1
3.312193333E-1,2.707528687E1,-8.760086060E0,-4.378024292E1,5.221608887E1
3.411923333E-1,2.727455902E1,-8.527885437E0,-4.364038086E1,5.216425252E1
3.511653333E-1,2.726598358E1,-8.361801147E0,-4.379879761E1,5.226555511E1
3.611383333E-1,2.732352448E1,-8.059387207E0,-4.355734253E1,5.204585286E1
3.711113333E-1,2.720691681E1,-8.177986145E0,-4.357882690E1,5.202124503E1
3.810853333E-1,2.740354156E1,-7.813766479E0,-4.368441772E1,5.215685371E1
3.910583333E-1,2.728121185E1,-7.439514160E0,-4.379888916E1,5.213399642E1
4.010313333E-1,2.736508179E1,-7.469856262E0,-4.385903931E1,5.223276541E1
4.110043333E-1,2.725273132E1,-7.130378723E0,-4.387527466E1,5.214013226E1
4.209773333E-1,2.678923035E1,-6.854698181E0,-4.414617920E1,5.209160093E1
4.309513333E-1,2.685081482E1,-6.591087341E0,-4.435220337E1,5.226400896E1
4.409243333E-1,2.690496063E1,-6.509391785E0,-4.429562378E1,5.223362302E1
4.508973333E-1,2.673828125E1,-6.240303040E0,-4.461788940E1,5.238924624E1
4.608703333E-1,2.685000610E1,-6.037780762E0,-4.399072266E1,5.188989597E1
4.708433333E-1,2.679493713E1,-5.781684875E0,-4.398309326E1,5.182575642E1
4.808173333E-1,2.666059113E1,-5.772850037E0,-4.396035767E1,5.173611855E1
4.907903333E-1,2.665674591E1,-5.544479370E0,-4.395019531E1,5.170051278E1
5.007633333E-1,2.691405487E1,-5.494438171E0,-4.441494751E1,5.222300990E1
5.107363333E-1,2.690768433E1,-5.672813416E0,-4.433969116E1,5.217482631E1
5.207093333E-1,2.692053223E1,-5.376365662E0,-4.460244751E1,5.237364497E1
5.306833333E-1,2.675082397E1,-5.893867493E0,-4.447320557E1,5.223227231E1
5.406563333E-1,2.657778168E1,-5.680068970E0,-4.464935303E1,5.227051165E1
5.506293333E-1,2.664958954E1,-5.599189758E0,-4.456515503E1,5.222647405E1
5.606023333E-1,2.653446198E1,-5.459396362E0,-4.431994629E1,5.194362637E1
5.705753333E-1,2.648348236E1,-5.609268188E0,-4.468411255E1,5.224469965E1
5.805493333E-1,2.654673767E1,-5.260681152E0,-4.466928101E1,5.222785380E1
5.905223333E-1,2.632009125E1,-5.225372314E0,-4.471200562E1,5.214609444E1
6.004953333E-1,2.633309937E1,-5.184844971E0,-4.482427979E1,5.224491169E1
6.104683333E-1,2.629917145E1,-5.190277100E0,-4.460287476E1,5.203846492E1
6.204413333E-1,2.611724854E1,-5.236541748E0,-4.506314087E1,5.234709835E1
6.304143333E-1,2.619483185E1,-4.863197327E0,-4.454537964E1,5.190482397E1
6.403883333E-1,2.606564331E1,-4.730949402E0,-4.469119263E1,5.195288579E1
6.503613333E-1,2.587957764E1,-4.468734741E0,-4.505014038E1,5.214630646E1
6.603343333E-1,2.593226624E1,-4.398963928E0,-4.507223511E1,5.218562727E1
6.703073333E-1,2.594845581E1,-4.310256958E0,-4.489929199E1,5.203697815E1
6.802803333E-1,2.575399017E1,-4.320503235E0,-4.489489746E1,5.193733316E1
6.902543333E-1,2.600648499E1,-4.253303528E0,-4.513519287E1,5.226483988E1
7.002273333E-1,2.585819244E1,-3.829246521E0,-4.504824829E1,5.208314429E1
7.102003333E-1,2.573926544E1,-4.003654480E0,-4.498211670E1,5.198009097E1
7.201733333E-1,2.579173279E1,-3.734443665E0,-4.488458252E1,5.190168877E1
7.301463333E-1,2.592573547E1,-3.616302490E0,-4.515655518E1,5.219517103E1
7.401203333E-1,2.612699127E1,-3.278930664E0,-4.517272949E1,5.228715472E1
7.500933333E-1,2.611902618E1,-3.292556763E0,-4.490063477E1,5.204912546E1
7.600663333E-1,2.583570862E1,-3.230377197E0,-4.521520996E1,5.217599437E1
7.700393333E-1,2.578787231E1,-2.783576965E0,-4.536584473E1,5.225727248E1
7.800123333E-1,2.585583496E1,-2.613189697E0,-4.509130859E1,5.204401092E1
7.899863333E-1,2.594808960E1,-2.477882385E0,-4.469485474E1,5.174044158E1
7.999593333E-1,2.582417297E1,-2.689590454E0,-4.488146973E1,5.185044003E1
8.099323333E-1,2.556172943E1,-2.310661316E0,-4.520223999E1,5.198060857E1
8.199055417E-1,2.552259064E1,-2.150695801E0,-4.535256958E1,5.208535008E1
8.298785417E-1,2.550851440E1,-1.965339661E0,-4.530197144E1,5.202706491E1
8.398525417E-1,2.520578003E1,-1.898078918E0,-4.525802612E1,5.183843149E1
8.498255417E-1,2.546411896E1,-1.946029663E0,-4.508746338E1,5.181783226E1
8.597985417E-1,2.501615143E1,-1.626678467E0,-4.539505005E1,5.185715461E1
8.697715417E-1,2.518566895E1,-1.548164368E0,-4.552374268E1,5.204926398E1
8.797445417E-1,2.497937775E1,-1.506500244E0,-4.529174805E1,5.174535048E1
8.897185417E-1,2.495641327E1,-1.008712769E0,-4.550833130E1,5.191192813E1
8.996915417E-1,2.509572601E1,-8.918304443E-1,-4.541888428E1,5.189861149E1
9.096645417E-1,2.494653320E1,-5.916900635E-1,-4.556567383E1,5.195103702E1
9.196375417E-1,2.507458496E1,-6.196975708E-1,-4.547656250E1,5.193492633E1
9.296105417E-1,2.524262238E1,-5.859451294E-1,-4.550631714E1,5.204188905E1
9.395845417E-1,2.521450043E1,-4.392013550E-1,-4.544360352E1,5.197196389E1
9.495575417E-1,2.522611237E1,-3.734512329E-1,-4.550765991E1,5.203309833E1
9.595305417E-1,2.491184998E1,-1.451950073E-1,-4.591510010E1,5.223808733E1
9.695035417E-1,2.484423828E1,-4.875946045E-2,-4.567459106E1,5.199429605E1
9.794765417E-1,2.489425659E1,1.948165894E-1,-4.540667725E1,5.178347520E1
9.894505417E-1,2.488938904E1,3.752288818E-1,-4.528915405E1,5.167910563E1
9.994235417E-1,2.486382294E1,4.660797119E-1,-4.504220581E1,5.145121209E1
1.009396542E0,2.495716858E1,4.542541504E-1,-4.524798584E1,5.167636629E1
1.019369542E0,2.489959717E1,5.067672729E-1,-4.523315430E1,5.163608234E1
1.029342542E0,2.495953369E1,4.411926270E-1,-4.538580322E1,5.179810911E1
1.039316542E0,2.499862671E1,9.054107666E-1,-4.534994507E1,5.179158835E1
1.049289542E0,2.476656342E1,1.157943726E0,-4.541226196E1,5.173970462E1
1.059262542E0,2.482720947E1,1.537528992E0,-4.548709106E1,5.184428396E1
1.069235542E0,2.480534363E1,1.706062317E0,-4.537188721E1,5.173803117E1
1.079208542E0,2.460774231E1,1.851860046E0,-4.525762939E1,5.154826268E1
1.089182542E0,2.438713837E1,2.180145264E0,-4.566055298E1,5.181092211E1
1.099155542E0,2.465626526E1,2.311592102E0,-4.550201416E1,5.180451879E1
1.109128542E0,2.435649109E1,2.564178467E0,-4.534088135E1,5.153260318E1
1.119101542E0,2.459281921E1,2.934761047E0,-4.557183838E1,5.186725395E1
1.129074542E0,2.449769592E1,3.256233215E0,-4.548989868E1,5.176940257E1
1.139048542E0,2.439463806E1,3.196983337E0,-4.520248413E1,5.146439196E1
1.149021542E0,2.442385101E1,3.869941711E0,-4.570758057E1,5.196810434E1
1.158994542E0,2.428059387E1,3.807014465E0,-4.555841064E1,5.176494353E1
1.168967542E0,2.438112640E1,3.912551880E0,-4.569876099E1,5.194347064E1
1.178940542E0,2.419548035E1,4.131706238E0,-4.516055298E1,5.140007598E1
1.188914542E0,2.411273956E1,4.313972473E0,-4.498037720E1,5.121785724E1
1.198887542E0,2.433888245E1,4.349121094E0,-4.522109985E1,5.153876138E1
1.208860542E0,2.430751801E1,4.476364136E0,-4.505206299E1,5.138659015E1
1.218833542E0,2.422841644E1,4.768272400E0,-4.545388794E1,5.172821777E1
1.228806542E0,2.422121429E1,4.916809082E0,-4.545782471E1,5.174220773E1
1.238780542E0,2.378408051E1,4.760902405E0,-4.544351196E1,5.151176037E1
1.248753542E0,2.367190552E1,5.310546875E0,-4.537054443E1,5.144946376E1
1.258726542E0,2.353369904E1,5.264991760E0,-4.523559570E1,5.126221071E1
1.268699542E0,2.364536285E1,5.431800842E0,-4.550662231E1,5.156995559E1
1.278672542E0,2.363757324E1,5.543426514E0,-4.551422119E1,5.158496658E1
1.288646542E0,2.322351837E1,5.556114197E0,-4.571850586E1,5.157891031E1
1.298619542E0,2.325218964E1,5.772560120E0,-4.568145752E1,5.158277168E1
1.308592542E0,2.303252411E1,5.772743225E0,-4.539712524E1,5.123202818E1
1.318565542E0,2.322777557E1,5.764099121E0,-4.577713013E1,5.165559059E1
1.328538542E0,2.295986176E1,5.716926575E0,-4.548468018E1,5.127079707E1
1.338512542E0,2.295810699E1,5.847000122E0,-4.565737915E1,5.143790779E1
1.348485542E0,2.296956635E1,6.045455933E0,-4.570910645E1,5.151185230E1
1.358458542E0,2.295497894E1,6.203910828E0,-4.571545410E1,5.152981963E1
1.368431542E0,2.253038788E1,6.420356750E0,-4.575961304E1,5.140799105E1
1.378404542E0,2.269207001E1,6.391548157E0,-4.566748047E1,5.139358619E1
1.388378542E0,2.247304535E1,6.440269470E0,-4.595800781E1,5.156213068E1
1.398351542E0,2.251885223E1,6.743286133E0,-4.588308716E1,5.155412981E1
1.408324542E0,2.240826416E1,6.997375488E0,-4.564767456E1,5.133033956E1
1.418297542E0,2.207144928E1,6.964706421E0,-4.588925171E1,5.139532499E1
1.428270542E0,2.210095215E1,7.178329468E0,-4.590170288E1,5.144848712E1
1.438244542E0,2.208197021E1,7.313438416E0,-4.594525146E1,5.149821281E1
1.448217542E0,2.207419586E1,7.344612122E0,-4.619146729E1,5.171909802E1
1.458190542E0,2.210363007E1,7.355003357E0,-4.609945679E1,5.165100631E1
1.468163542E0,2.180779266E1,7.363975525E0,-4.602203369E1,5.145712333E1
1.478136542E0,2.216265869E1,7.485969543E0,-4.619842529E1,5.178337262E1
1.488110542E0,2.215814209E1,7.466560364E0,-4.601422119E1,5.161435204E1
1.498083542E0,2.220596313E1,7.561561584E0,-4.584796143E1,5.150065610E1
1.508056542E0,2.221417999E1,7.608711243E0,-4.588919067E1,5.154784283E1
1.518029542E0,2.204510498E1,7.620895386E0,-4.561672974E1,5.123427302E1
1.528002542E0,2.208768463E1,7.728622437E0,-4.552877808E1,5.119049766E1
1.537976542E0,2.210112762E1,7.854598999E0,-4.557226562E1,5.125413117E1
1.547949542E0,2.226754761E1,7.806068420E0,-4.576733398E1,5.149201143E1
1.557922542E0,2.252302551E1,7.589080811E0,-4.588894653E1,5.167858589E1
1.567895542E0,2.236196136E1,7.699020386E0,-4.592684937E1,5.165856873E1
1.577868542E0,2.216094971E1,7.859764099E0,-4.590802002E1,5.157935523E1
1.587842542E0,2.204005432E1,7.688735962E0,-4.593667603E1,5.152726326E1
1.597815542E0,2.204988098E1,7.446601868E0,-4.584231567E1,5.141174026E1
1.607788542E0,2.212342072E1,7.595138550E0,-4.575759888E1,5.138958775E1
1.617761542E0,2.221582031E1,7.742271423E0,-4.566653442E1,5.137039814E1
1.627734542E0,2.183511353E1,7.631134033E0,-4.594607544E1,5.143975348E1
1.637708542E0,2.229254913E1,7.812461853E0,-4.576208496E1,5.149913326E1
1.647681542E0,2.194094086E1,7.817810059E0,-4.577917480E1,5.136395512E1
1.657654542E0,2.187174988E1,7.861030579E0,-4.570303345E1,5.127315585E1
1.667627542E0,2.220106506E1,8.054634094E0,-4.602770996E1,5.173310840E1
1.677600542E0,2.193593597E1,8.103485107E0,-4.590811157E1,5.152093231E1
1.687574542E0,2.173979950E1,8.073120117E0,-4.583428955E1,5.136707359E1
1.697547542E0,2.156423187E1,7.963516235E0,-4.608087158E1,5.149641165E1
1.707520542E0,2.126187897E1,7.850311279E0,-4.579110718E1,5.109325181E1
1.717493542E0,2.097853088E1,7.743209839E0,-4.618460083E1,5.131348176E1
1.727466542E0,2.087093353E1,7.956565857E0,-4.610134888E1,5.122730888E1
1.737440542E0,2.053994751E1,7.848342896E0,-4.601245117E1,5.099638804E1
1.747413542E0,2.072721863E1,7.867393494E0,-4.631225586E1,5.134528718E1
1.757386542E0,2.065892029E1,8.237754822E0,-4.634149170E1,5.140219300E1
1.767359542E0,2.046200562E1,8.203773499E0,-4.619506836E1,5.118573936E1
1.777332542E0,2.025580597E1,8.408554077E0,-4.616275024E1,5.110773882E1
1.787306542E0,2.004922485E1,8.318855286E0,-4.662527466E1,5.143044825E1
1.797279542E0,1.994238281E1,8.589241028E0,-4.648361206E1,5.130496939E1
1.807252542E0,1.993176270E1,8.548309326E0,-4.638708496E1,5.120654653E1
1.817225292E0,2.005433655E1,8.539649963E0,-4.622244263E1,5.110397478E1
1.827198292E0,1.973002625E1,8.639915466E0,-4.613671875E1,5.091678399E1
1.837172292E0,1.947256470E1,8.958686829E0,-4.623767090E1,5.096431159E1
1.847145292E0,1.938050079E1,9.113609314E0,-4.637170410E1,5.107833814E1
1.857118292E0,1.951797485E1,9.259460449E0,-4.688714600E1,5.162454271E1
1.867091292E0,1.975271606E1,9.413513184E0,-4.654943848E1,5.143572926E1
1.877064292E0,1.971719360E1,9.555145264E0,-4.668402100E1,5.157001397E1
1.887038292E0,1.971760559E1,9.773063660E0,-4.665844727E1,5.158786141E1
1.897011292E0,1.941526794E1,9.851638794E0,-4.685592651E1,5.166706171E1
1.906984292E0,1.948708344E1,1.009821320E1,-4.664935303E1,5.155465516E1
1.916957292E0,1.953546906E1,1.023233032E1,-4.656942749E1,5.152714539E1
1.926930292E0,1.917055511E1,1.038282013E1,-4.670755005E1,5.154520704E1
1.936904292E0,1.900839996E1,1.037993622E1,-4.659716797E1,5.138441795E1
1.946877292E0,1.911585236E1,1.069397736E1,-4.657592773E1,5.146935017E1
1.956850292E0,1.907208252E1,1.082929993E1,-4.639489746E1,5.131768291E1
1.966823292E0,1.892308044E1,1.129643250E1,-4.653799438E1,5.149249734E1
1.976796292E0,1.884546661E1,1.119828033E1,-4.643984985E1,5.135379975E1
1.986770292E0,1.877523804E1,1.123144531E1,-4.663339233E1,5.151046697E1
1.996743292E0,1.884066772E1,1.112928772E1,-4.662490845E1,5.150450362E1
2.006716292E0,1.869618225E1,1.144197083E1,-4.665625000E1,5.154873026E1
2.016689292E0,1.814209747E1,1.143935394E1,-4.654061890E1,5.124474340E1
2.026662292E0,1.821541595E1,1.158148956E1,-4.617651367E1,5.097256805E1
2.036636292E0,1.804156494E1,1.190010834E1,-4.587478638E1,5.071101132E1
2.046609292E0,1.780916595E1,1.222630310E1,-4.616708374E1,5.097105552E1
2.056582292E0,1.764645386E1,1.246654510E1,-4.620257568E1,5.100480448E1
2.066555292E0,1.753416443E1,1.253546143E1,-4.633178711E1,5.110009014E1
2.076528292E0,1.736443329E1,1.254695129E1,-4.641836548E1,5.112351889E1
2.086502292E0,1.723445129E1,1.305541992E1,-4.641091919E1,5.120003634E1
2.096475292E0,1.685693359E1,1.322477722E1,-4.605209351E1,5.079218699E1
2.106448292E0,1.653726959E1,1.332923889E1,-4.629400635E1,5.093412332E1
2.116421292E0,1.638577271E1,1.341910553E1,-4.651623535E1,5.111091950E1
2.126394292E0,1.592115784E1,1.364895630E1,-4.645996094E1,5.097357399E1
2.136368292E0,1.561386108E1,1.382827759E1,-4.648001099E1,5.094512087E1
2.146341292E0,1.546430206E1,1.376531982E1,-4.672412109E1,5.110550029E1
2.156314292E0,1.510912323E1,1.410282898E1,-4.699630737E1,5.134031843E1
2.166287292E0,1.470265961E1,1.408267212E1,-4.705978394E1,5.127487804E1
2.176260292E0,1.447618866E1,1.421795654E1,-4.703170776E1,5.122198611E1
2.186234292E0,1.425027466E1,1.431118774E1,-4.697293091E1,5.113058440E1
2.196207292E0,1.416435242E1,1.442176056E1,-4.705996704E1,5.121773672E1
2.206180292E0,1.387808990E1,1.458358765E1,-4.711877441E1,5.123925556E1
2.216153292E0,1.383435822E1,1.450877380E1,-4.729824829E1,5.137137604E1
2.226126292E0,1.352716827E1,1.490989685E1,-4.711581421E1,5.123660073E1
2.236100292E0,1.337615967E1,1.488096619E1,-4.693527222E1,5.102239293E1
2.246073292E0,1.311125183E1,1.520877838E1,-4.701229858E1,5.112111191E1
2.256046292E0,1.268445587E1,1.514367676E1,-4.685736084E1,5.085114189E1
2.266019292E0,1.246712494E1,1.560297394E1,-4.689035034E1,5.096652779E1
2.275992292E0,1.215859985E1,1.572251129E1,-4.705273438E1,5.107826078E1
2.285966292E0,1.210989380E1,1.575141907E1,-4.677041626E1,5.081563310E1
2.295939292E0,1.206838226E1,1.594937134E1,-4.720816040E1,5.127025166E1
2.305912292E0,1.168902588E1,1.599337769E1,-4.706204224E1,5.106130898E1
2.315885292E0,1.164553833E1,1.619383240E1,-4.725296021E1,5.129035990E1
2.325859292E0,1.170427704E1,1.614737701E1,-4.705389404E1,5.110574165E1
2.335832292E0,1.127588654E1,1.608955383E1,-4.684722900E1,5.080041560E1
2.345805292E0,1.129388428E1,1.634545135E1,-4.677978516E1,5.082395008E1
2.355778292E0,1.129388428E1,1.634545135E1,-4.677978516E1,5.082395008E1
2.365751292E0,1.112373352E1,1.687474823E1,-4.658666992E1,5.078200852E1
2.375725292E0,1.115380859E1,1.693537903E1,-4.672476196E1,5.093542863E1
2.385698292E0,1.102133179E1,1.698523712E1,-4.687478638E1,5.106088163E1
2.395671292E0,1.099016571E1,1.703551483E1,-4.701800537E1,5.120239581E1
2.405644292E0,1.096955109E1,1.714151001E1,-4.683270264E1,5.106333766E1
2.415617292E0,1.096477509E1,1.743771362E1,-4.680511475E1,5.113725565E1
2.425591292E0,1.097084045E1,1.746758270E1,-4.641931152E1,5.079594736E1
2.435564292E0,1.083631134E1,1.769088745E1,-4.624768066E1,5.068768203E1
2.445537292E0,1.074567413E1,1.788802338E1,-4.634152222E1,5.082310079E1
2.455510292E0,1.045455170E1,1.806101990E1,-4.607092285E1,5.057695150E1
2.465483292E0,1.046029663E1,1.797537994E1,-4.635131836E1,5.080331489E1
2.475457292E0,1.033283997E1,1.799367523E1,-4.647268677E1,5.089450408E1
2.485430292E0,1.031097412E1,1.819195557E1,-4.654443359E1,5.102595157E1
2.495403292E0,1.047350311E1,1.838473511E1,-4.632806396E1,5.093115219E1
2.505376292E0,1.018840790E1,1.845732117E1,-4.626892090E1,5.084574123E1
2.515349292E0,1.002944183E1,1.843941498E1,-4.649771118E1,5.101606486E1
2.525323292E0,1.018537140E1,1.883840179E1,-4.622839355E1,5.094792973E1
2.535296292E0,1.007996368E1,1.892501068E1,-4.639590454E1,5.111107175E1
2.545269292E0,1.012462616E1,1.889422607E1,-4.661709595E1,5.130938967E1
2.555242292E0,9.975639343E0,1.882227325E1,-4.625778198E1,5.092714153E1
2.565215292E0,9.861450195E0,1.901255035E1,-4.606375122E1,5.079955165E1
2.575189292E0,9.663299561E0,1.921314240E1,-4.619372559E1,5.095472974E1
2.585162292E0,9.658309937E0,1.917012024E1,-4.604763794E1,5.080513183E1
2.595135292E0,9.825737000E0,1.895446777E1,-4.617553711E1,5.087236169E1
2.605108292E0,9.775253296E0,1.883596802E1,-4.620764160E1,5.084776702E1
2.615081292E0,1.012783051E1,1.862265015E1,-4.662097168E1,5.121416845E1
2.625055292E0,1.018006897E1,1.871264648E1,-4.638229370E1,5.104031849E1
2.635028292E0,1.012801361E1,1.826958466E1,-4.643063354E1,5.091324105E1
2.645001292E0,1.002306366E1,1.844422150E1,-4.678836060E1,5.128159318E1
2.654974292E0,1.007185364E1,1.840947723E1,-4.687219238E1,5.135517020E1
2.664947292E0,9.849678040E0,1.801796722E1,-4.692910767E1,5.122503730E1
2.674921292E0,9.591552734E0,1.771077728E1,-4.685476685E1,5.100037933E1
2.684894292E0,9.408927917E0,1.769949341E1,-4.736843872E1,5.143509481E1
2.694867292E0,9.195899963E0,1.773467255E1,-4.694610596E1,5.101980058E1
2.704840292E0,8.936233521E0,1.805735779E1,-4.705038452E1,5.118264475E1
2.714814292E0,8.861839294E0,1.801953888E1,-4.693942261E1,5.105433744E1
2.724787292E0,8.797180176E0,1.818012238E1,-4.706613159E1,5.121648145E1
2.734760292E0,8.831596375E0,1.834152985E1,-4.697088623E1,5.119250887E1
2.744733292E0,8.664443970E0,1.834812164E1,-4.739605713E1,5.155688498E1
2.754706292E0,8.732360840E0,1.797493744E1,-4.697949219E1,5.105316041E1
2.764680292E0,8.641601562E0,1.793254852E1,-4.730953979E1,5.132685583E1
2.774653292E0,8.441589355E0,1.772811127E1,-4.739639282E1,5.130267452E1
2.784626292E0,8.495010376E0,1.752110291E1,-4.727133179E1,5.112468149E1
2.794599292E0,8.119972229E0,1.728646851E1,-4.722213745E1,5.093806247E1
2.804572292E0,8.367782593E0,1.747027588E1,-4.711801147E1,5.094445338E1
2.814546542E0,8.298278809E0,1.748443604E1,-4.739978027E1,5.119869241E1
2.824519542E0,8.159599304E0,1.746075439E1,-4.769198608E1,5.143911490E1
2.834492542E0,8.045578003E0,1.753622437E1,-4.703860474E1,5.084172328E1
2.844465542E0,7.962104797E0,1.744842529E1,-4.744577026E1,5.117561699E1
2.854438542E0,7.814308167E0,1.741818237E1,-4.749264526E1,5.118601219E1
2.864412542E0,8.082778931E0,1.747422791E1,-4.719827271E1,5.097408069E1
2.874385542E0,7.568855286E0,1.752580261E1,-4.743554688E1,5.113288995E1
2.884358542E0,7.577835083E0,1.752402496E1,-4.722164917E1,5.093524503E1
2.894331542E0,7.188415527E0,1.752305603E1,-4.735650635E1,5.100362246E1
2.904304542E0,7.426612854E0,1.772805023E1,-4.743988037E1,5.118574600E1
2.914278542E0,7.433395386E0,1.782685089E1,-4.730471802E1,5.109587387E1
2.924251542E0,7.399696350E0,1.778498840E1,-4.736911011E1,5.113603339E1
2.934224542E0,7.751701355E0,1.779498291E1,-4.727526855E1,5.110480709E1
2.944197542E0,7.332458496E0,1.784022522E1,-4.710028076E1,5.089670944E1
2.954171542E0,7.187049866E0,1.789331818E1,-4.753430176E1,5.129653365E1
2.964144542E0,7.381210327E0,1.777257538E1,-4.768783569E1,5.142447253E1
2.974117542E0,6.996101379E0,1.801808929E1,-4.765084839E1,5.142178846E1
2.984090542E0,6.995498657E0,1.782253265E1,-4.783114624E1,5.152085231E1
2.994063542E0,7.021171570E0,1.796007538E1,-4.777380371E1,5.151890409E1
3.004037542E0,7.029266357E0,1.811670685E1,-4.765628052E1,5.146597639E1
3.014010542E0,7.059692383E0,1.801837921E1,-4.749978638E1,5.129065170E1
3.023983542E0,6.958274841E0,1.775318909E1,-4.737084961E1,5.106457387E1
3.033956542E0,6.756935120E0,1.777028656E1,-4.721569824E1,5.089952276E1
3.043929542E0,6.609207153E0,1.805660248E1,-4.731292725E1,5.107088796E1
3.053903542E0,6.396781921E0,1.777278900E1,-4.717416382E1,5.081527900E1
3.063876542E0,6.293655396E0,1.769258881E1,-4.746209717E1,5.104202645E1
3.073849542E0,6.355995178E0,1.768266296E1,-4.738052368E1,5.097047448E1
3.083822542E0,6.219703674E0,1.754399109E1,-4.741192627E1,5.093492996E1
3.093795542E0,6.200485229E0,1.764857483E1,-4.716888428E1,5.074270248E1
3.103769542E0,6.129737854E0,1.761321259E1,-4.715252686E1,5.070660443E1
3.113742542E0,6.268478394E0,1.761460114E1,-4.706564331E1,5.064328953E1
3.123715542E0,5.994979858E0,1.807737732E1,-4.742407227E1,5.110551814E1
3.133688542E0,5.921638489E0,1.827565765E1,-4.736416626E1,5.111193315E1
3.143661542E0,5.890121460E0,1.798317719E1,-4.746725464E1,5.110018058E1
3.153635542E0,5.991455078E0,1.807153320E1,-4.751296997E1,5.118554641E1
3.163608542E0,6.015739441E0,1.802040100E1,-4.749874878E1,5.115716088E1
3.173581542E0,5.906356812E0,1.802974701E1,-4.717053223E1,5.084305202E1
3.183554542E0,5.846549988E0,1.807958984E1,-4.757781982E1,5.123185196E1
3.193528542E0,5.684997559E0,1.789580536E1,-4.751925659E1,5.109460631E1
3.203501542E0,5.633178711E0,1.773163605E1,-4.738552856E1,5.090709122E1
3.213474542E0,5.648185730E0,1.795150757E1,-4.747540283E1,5.106929116E1
3.223447542E0,5.764938354E0,1.820162201E1,-4.729678345E1,5.100509075E1
3.233420542E0,5.563354492E0,1.820790863E1,-4.749453735E1,5.116844661E1
3.243394542E0,5.683418274E0,1.816865540E1,-4.747030640E1,5.114519793E1
3.253367542E0,5.588867188E0,1.826815796E1,-4.758889771E1,5.128025172E1
3.263340542E0,5.508666992E0,1.854186249E1,-4.751177979E1,5.129829719E1
3.273313542E0,5.508842468E0,1.848242188E1,-4.774584961E1,5.149381923E1
3.283286542E0,5.529945374E0,1.851480103E1,-4.779589844E1,5.155410808E1
3.293260542E0,5.464309692E0,1.848297882E1,-4.721917725E1,5.100127338E1
3.303233542E0,5.264167786E0,1.837556458E1,-4.728451538E1,5.100194340E1
3.313206542E0,5.442565918E0,1.862818909E1,-4.715292358E1,5.099048102E1
3.323179542E0,5.398178101E0,1.877111816E1,-4.713952637E1,5.102577927E1
3.333153542E0,5.181732178E0,1.869272614E1,-4.711837769E1,5.095497890E1
3.343126542E0,5.170989990E0,1.884953308E1,-4.697787476E1,5.088187056E1
3.353099542E0,5.153961182E0,1.877423859E1,-4.693127441E1,5.080924983E1
3.363072542E0,4.855453491E0,1.888416290E1,-4.698287964E1,5.086824173E1
3.373045542E0,4.979064941E0,1.881807709E1,-4.715719604E1,5.101678402E1
3.383019542E0,4.965530396E0,1.884567261E1,-4.737945557E1,5.123112997E1
3.392992542E0,4.915328979E0,1.873062134E1,-4.723751831E1,5.105271561E1
3.402965542E0,4.738914490E0,1.890792084E1,-4.711529541E1,5.098840890E1
3.412938542E0,4.663665771E0,1.884807587E1,-4.674819946E1,5.062009379E1
3.422911542E0,4.638328552E0,1.864559174E1,-4.688015747E1,5.066479396E1
3.432885542E0,4.615768433E0,1.900643921E1,-4.739855957E1,5.127546683E1
3.442858542E0,4.584342957E0,1.904911804E1,-4.711935425E1,5.103056577E1
3.452831542E0,4.558212280E0,1.914781189E1,-4.744522095E1,5.136599060E1
3.462804542E0,4.574348450E0,1.910919952E1,-4.746044922E1,5.136711409E1
3.472778542E0,4.551429749E0,1.909654999E1,-4.705932617E1,5.098993934E1
3.482751542E0,4.492576599E0,1.911494446E1,-4.707290649E1,5.100414563E1
3.492724542E0,4.381668091E0,1.920365143E1,-4.720550537E1,5.115016110E1
3.502697542E0,4.450660706E0,1.896289062E1,-4.713766479E1,5.100351992E1
3.512670542E0,4.589317322E0,1.909512329E1,-4.702072144E1,5.095717625E1
3.522644542E0,4.547233582E0,1.915978241E1,-4.679510498E1,5.076964098E1
3.532617542E0,4.320396423E0,1.918061829E1,-4.718106079E1,5.111374023E1
3.542590542E0,4.101928711E0,1.907623291E1,-4.707617188E1,5.095973351E1
3.552563542E0,4.072830200E0,1.908939362E1,-4.725158691E1,5.112441061E1
3.562537542E0,3.936393738E0,1.903566742E1,-4.717102051E1,5.101918272E1
3.572510542E0,3.868469238E0,1.886297607E1,-4.736022949E1,5.112502575E1
3.582483542E0,3.937843323E0,1.889582062E1,-4.725122070E1,5.104151746E1
3.592456542E0,3.777458191E0,1.874011230E1,-4.739239502E1,5.110283852E1
3.602429542E0,3.757392883E0,1.884429932E1,-4.727505493E1,5.103093608E1
3.612403542E0,3.755561829E0,1.900659180E1,-4.751907349E1,5.131683078E1
3.622376542E0,3.512344360E0,1.910966492E1,-4.769451904E1,5.150032042E1
3.632349542E0,3.409393311E0,1.912833405E1,-4.740588379E1,5.123314302E1
3.642322542E0,3.152801514E0,1.929710388E1,-4.739633179E1,5.127114825E1
3.652296542E0,3.085540771E0,1.930087280E1,-4.739926147E1,5.127118334E1
3.662269542E0,3.140586853E0,1.898739624E1,-4.723098755E1,5.100147730E1
3.672242542E0,2.975662231E0,1.901176453E1,-4.704153442E1,5.082526652E1
3.682215542E0,2.640914917E0,1.905427551E1,-4.694650269E1,5.073474117E1
3.692188542E0,2.765716553E0,1.946920013E1,-4.725045776E1,5.117914322E1
3.702162542E0,2.599082947E0,1.888566589E1,-4.739385986E1,5.108425943E1
3.712135542E0,2.538337708E0,1.887409210E1,-4.728524780E1,5.097616277E1
3.722108542E0,2.367706299E0,1.903771973E1,-4.749810791E1,5.122607793E1
3.732081542E0,2.274208069E0,1.925358582E1,-4.724890137E1,5.107182461E1
3.742054542E0,2.194908142E0,1.905188751E1,-4.728863525E1,5.102947250E1
3.752028542E0,1.950546265E0,1.902281952E1,-4.764385986E1,5.133818925E1
3.762001542E0,1.994415283E0,1.912487030E1,-4.772824097E1,5.145603310E1
3.771974542E0,1.708297729E0,1.902153778E1,-4.746978760E1,5.116754748E1
3.781947542E0,1.949554443E0,1.920951843E1,-4.754882812E1,5.131956174E1
3.791921542E0,1.931846619E0,1.910086823E1,-4.733807373E1,5.108295629E1
3.801894542E0,1.729927063E0,1.941465759E1,-4.721591187E1,5.108095448E1
3.811867542E0,1.516143799E0,1.927489471E1,-4.710058594E1,5.091449159E1
3.821845042E0,1.524978638E0,1.925672913E1,-4.734512329E1,5.113421434E1
3.831818042E0,1.496276855E0,1.959425354E1,-4.709823608E1,5.103349350E1
3.841792042E0,1.538009644E0,1.945221710E1,-4.705859375E1,5.094374809E1
3.851765042E0,1.237152100E0,1.952121735E1,-4.734429932E1,5.122588359E1
3.861738042E0,1.229629517E0,1.966362762E1,-4.732632446E1,5.126354677E1
3.871711042E0,1.292823792E0,1.963630676E1,-4.728021240E1,5.121205348E1
3.881685042E0,1.232147217E0,1.944102478E1,-4.711840820E1,5.098642979E1
3.891658042E0,9.655685425E-1,1.959938049E1,-4.700106812E1,5.093297991E1
3.901631042E0,9.495620728E-1,1.991590881E1,-4.699285889E1,5.104776076E1
3.911604042E0,9.467697144E-1,1.997574615E1,-4.713525391E1,5.120213832E1
3.921577042E0,8.325958252E-1,1.982285309E1,-4.681671143E1,5.084725351E1
3.931551042E0,6.158142090E-1,1.995061493E1,-4.673382568E1,5.081787802E1
3.941524042E0,5.400924683E-1,1.992567444E1,-4.672521973E1,5.079931456E1
3.951497042E0,3.713912964E-1,1.985111237E1,-4.668783569E1,5.073419552E1
3.961470042E0,1.340179443E-1,1.981835175E1,-4.704095459E1,5.104543501E1
3.971444042E0,3.153991699E-2,1.985469055E1,-4.730264282E1,5.130058235E1
3.981417042E0,1.481628418E-2,1.959466553E1,-4.709329224E1,5.100714960E1
3.991390042E0,-9.829711914E-2,1.925393677E1,-4.676983643E1,5.057807176E1
4.001363042E0,-2.872848511E-1,1.930503845E1,-4.712927246E1,5.093069178E1
4.011337042E0,-6.312561035E-1,1.921588135E1,-4.707330322E1,5.084824930E1
4.021310042E0,-3.627014160E-1,1.937684631E1,-4.724032593E1,5.106116057E1
4.031283042E0,-7.213363647E-1,1.927729034E1,-4.770840454E1,5.146091831E1
4.041256042E0,-1.081703186E0,1.934471893E1,-4.752020264E1,5.131820234E1
4.051229042E0,-1.310661316E0,1.935799408E1,-4.694479370E1,5.079629340E1
4.061203042E0,-1.647346497E0,1.945066071E1,-4.705981445E1,5.094769954E1
4.071176042E0,-1.595252991E0,1.930947113E1,-4.697421265E1,5.081315933E1
4.081149042E0,-2.098464966E0,1.897194672E1,-4.676873779E1,5.051389069E1
4.091122042E0,-2.154342651E0,1.888051605E1,-4.667147827E1,5.039188390E1
4.101096042E0,-2.408119202E0,1.901568604E1,-4.655035400E1,5.034213753E1
4.111069042E0,-2.473258972E0,1.926428223E1,-4.722705078E1,5.106489895E1
4.121042042E0,-2.661216736E0,1.913586426E1,-4.726937866E1,5.106522823E1
4.131015042E0,-3.216995239E0,1.893730927E1,-4.736962891E1,5.111606874E1
4.140988042E0,-3.409652710E0,1.897841644E1,-4.701754761E1,5.081786896E1
4.150962042E0,-3.574333191E0,1.898701477E1,-4.732919312E1,5.112078940E1
4.160935042E0,-3.868385315E0,1.882825470E1,-4.736267090E1,5.111448107E1
4.170908042E0,-3.756622314E0,1.898085785E1,-4.752902222E1,5.131659701E1
4.180881042E0,-3.805351257E0,1.875571442E1,-4.765713501E1,5.135620740E1
4.190855042E0,-3.891716003E0,1.866895294E1,-4.762185669E1,5.129830886E1
4.200828042E0,-4.126647949E0,1.850309753E1,-4.754043579E1,5.118092298E1
4.210801042E0,-4.270698547E0,1.839534760E1,-4.741503906E1,5.103737462E1
4.220774042E0,-4.460380554E0,1.862757111E1,-4.749746704E1,5.121416577E1
4.230748042E0,-4.270896912E0,1.849053955E1,-4.722692871E1,5.089718468E1
4.240721042E0,-4.426193237E0,1.830054474E1,-4.723251343E1,5.084694139E1
4.250694042E0,-4.651878357E0,1.843497467E1,-4.734786987E1,5.102263267E1
4.260667042E0,-4.612976074E0,1.815978241E1,-4.774157715E1,5.128660092E1
4.270640042E0,-4.596397400E0,1.810408783E1,-4.780789185E1,5.132717982E1
4.280614042E0,-4.706924438E0,1.810054016E1,-4.764260864E1,5.118205594E1
4.290587042E0,-4.669776917E0,1.806466675E1,-4.771154785E1,5.123017470E1
4.300560042E0,-4.970809937E0,1.793526459E1,-4.730172729E1,5.083144767E1
4.310533042E0,-5.030509949E0,1.806991577E1,-4.779513550E1,5.134396619E1
4.320507042E0,-5.031845093E0,1.798389435E1,-4.764981079E1,5.117855400E1
4.330480042E0,-5.084220886E0,1.784573364E1,-4.750457764E1,5.100004321E1
4.340453042E0,-5.314849854E0,1.801131439E1,-4.775952148E1,5.131887535E1
4.350426042E0,-5.507614136E0,1.795674896E1,-4.781335449E1,5.137018118E1
4.360400042E0,-5.433547974E0,1.767914581E1,-4.770040894E1,5.116057714E1
4.370373042E0,-5.657104492E0,1.764463043E1,-4.778408813E1,5.125090139E1
4.380346042E0,-5.755752563E0,1.763241577E1,-4.750677490E1,5.099925916E1
4.390319042E0,-5.850975037E0,1.786458588E1,-4.732437134E1,5.092124763E1
4.400292042E0,-5.878402710E0,1.752046967E1,-4.776144409E1,5.121208859E1
4.410266042E0,-6.003814697E0,1.761042786E1,-4.734280396E1,5.086761294E1
4.420239042E0,-6.278900146E0,1.750540924E1,-4.773019409E1,5.122533912E1
4.430212042E0,-6.581306458E0,1.759375000E1,-4.769412231E1,5.125995452E1
4.440185042E0,-6.655387878E0,1.749191284E1,-4.737326050E1,5.093610716E1
4.450159042E0,-6.868644714E0,1.703186035E1,-4.740075684E1,5.083398761E1
4.460132042E0,-6.880012512E0,1.713066864E1,-4.736566162E1,5.083601362E1
4.470105042E0,-7.107192993E0,1.710688019E1,-4.733541870E1,5.083108700E1
4.480078042E0,-7.220077515E0,1.704283905E1,-4.740283203E1,5.088827337E1
4.490051042E0,-6.858627319E0,1.711852264E1,-4.716876221E1,5.064559916E1
4.500025042E0,-7.087692261E0,1.711556244E1,-4.720449829E1,5.070939280E1
4.509998042E0,-7.385353088E0,1.713378906E1,-4.730343628E1,5.085002706E1
4.519971042E0,-7.400840759E0,1.691372681E1,-4.746871948E1,5.093256255E1
4.529944042E0,-7.837257385E0,1.699809265E1,-4.719372559E1,5.077012401E1
4.539918042E0,-7.855133057E0,1.687266541E1,-4.743682861E1,5.095726309E1
4.549891042E0,-8.141113281E0,1.679206848E1,-4.748168945E1,5.101727279E1
4.559864042E0,-8.248207092E0,1.677385712E1,-4.698849487E1,5.056989078E1
4.569837042E0,-8.179626465E0,1.671092987E1,-4.713421631E1,5.067342315E1
4.579811042E0,-8.315238953E0,1.673537445E1,-4.758569336E1,5.112351875E1
4.589784042E0,-8.728843689E0,1.649831390E1,-4.739117432E1,5.093437422E1
4.599757042E0,-8.649391174E0,1.659281158E1,-4.750933838E1,5.106143943E1
4.609730042E0,-8.718559265E0,1.653520966E1,-4.735559082E1,5.091147627E1
4.619704042E0,-8.867401123E0,1.619299316E1,-4.698294067E1,5.048010048E1
4.629677042E0,-9.159416199E0,1.622506714E1,-4.693386841E1,5.049688815E1
4.639650042E0,-9.241386414E0,1.638603210E1,-4.671789551E1,5.036335008E1
4.649623042E0,-9.493988037E0,1.633876801E1,-4.702169800E1,5.067673264E1
4.659596042E0,-9.662811279E0,1.620890045E1,-4.714883423E1,5.078494801E1
4.669570042E0,-1.002770996E1,1.611704254E1,-4.720874023E1,5.088201236E1
4.679543042E0,-1.012451172E1,1.571003723E1,-4.755810547E1,5.109877105E1
4.689516042E0,-1.026872253E1,1.562837982E1,-4.762448120E1,5.116428567E1
4.699489042E0,-1.050634003E1,1.586901093E1,-4.744775391E1,5.112238296E1
4.709463042E0,-1.059354401E1,1.561773682E1,-4.752764893E1,5.113721043E1
4.719436042E0,-1.089561462E1,1.576686859E1,-4.725604248E1,5.099453024E1
4.729409042E0,-1.088066101E1,1.563826752E1,-4.715481567E1,5.085784931E1
4.739382042E0,-1.117140961E1,1.564938354E1,-4.720874023E1,5.097419693E1
4.749356042E0,-1.144780731E1,1.545010376E1,-4.708209229E1,5.085746172E1
4.759329042E0,-1.162266541E1,1.538681030E1,-4.705404663E1,5.085197722E1
4.769302042E0,-1.188481140E1,1.562171936E1,-4.701977539E1,5.095239087E1
4.779275042E0,-1.162318420E1,1.531031036E1,-4.713201904E1,5.090119089E1
4.789248042E0,-1.200196838E1,1.528452301E1,-4.696566772E1,5.082753027E1
4.799222042E0,-1.199087524E1,1.525950623E1,-4.713031006E1,5.096959629E1
4.809195042E0,-1.241052246E1,1.511501312E1,-4.683584595E1,5.075510964E1
4.819166917E0,-1.246507263E1,1.487644196E1,-4.686627197E1,5.072606834E1
4.829139917E0,-1.256744385E1,1.483432770E1,-4.667831421E1,5.056543227E1
4.839113917E0,-1.264516449E1,1.502246857E1,-4.687121582E1,5.081816230E1
4.849086917E0,-1.273219299E1,1.474542999E1,-4.692166138E1,5.080530239E1
4.859059917E0,-1.288347626E1,1.473534393E1,-4.726058960E1,5.115347154E1
4.869032917E0,-1.286945343E1,1.476119232E1,-4.686245728E1,5.078981721E1
4.879006917E0,-1.310939026E1,1.477719879E1,-4.722436523E1,5.118947537E1
4.888979917E0,-1.328630829E1,1.440852356E1,-4.699942017E1,5.092226463E1
4.898952917E0,-1.327811432E1,1.448268127E1,-4.705630493E1,5.099364873E1
4.908925917E0,-1.359816742E1,1.458362579E1,-4.691864014E1,5.097990870E1
4.918899917E0,-1.370737457E1,1.436706543E1,-4.689169312E1,5.092283937E1
4.928872917E0,-1.390399170E1,1.416841125E1,-4.683325195E1,5.086667230E1
4.938845917E0,-1.361432648E1,1.418283844E1,-4.717788696E1,5.111023195E1
4.948818917E0,-1.397991943E1,1.414046478E1,-4.717959595E1,5.119868324E1
4.958791917E0,-1.419614410E1,1.400608826E1,-4.695843506E1,5.101760126E1
4.968765917E0,-1.420394135E1,1.408898926E1,-4.652230835E1,5.064165027E1
4.978738917E0,-1.440528870E1,1.393544769E1,-4.669885254E1,5.081822383E1
4.988711917E0,-1.423102570E1,1.386412048E1,-4.660156250E1,5.066005879E1
4.998684917E0,-1.412032318E1,1.395484161E1,-4.705999756E1,5.107606584E1
5.008658917E0,-1.436633301E1,1.371041870E1,-4.693646240E1,5.096468000E1
5.018631917E0,-1.432438660E1,1.355145264E1,-4.679751587E1,5.078225489E1
5.028604917E0,-1.459308624E1,1.372071838E1,-4.685235596E1,5.095448496E1
5.038577917E0,-1.452957153E1,1.360679626E1,-4.722061157E1,5.124489741E1
5.048551917E0,-1.463816071E1,1.352286530E1,-4.760189819E1,5.160508062E1
5.058524917E0,-1.492463684E1,1.341332245E1,-4.714675903E1,5.123942712E1
5.068497917E0,-1.499002075E1,1.330394745E1,-4.723632812E1,5.131243937E1
5.078470917E0,-1.504727173E1,1.326486969E1,-4.734423828E1,5.141842134E1
5.088443917E0,-1.500959015E1,1.329646301E1,-4.706643677E1,5.115987876E1
5.098417917E0,-1.532498169E1,1.289752197E1,-4.706539917E1,5.115029751E1
5.108390917E0,-1.512838745E1,1.315954590E1,-4.684698486E1,5.095764659E1
5.118363917E0,-1.501663208E1,1.327090454E1,-4.694744873E1,5.104585281E1
5.128336917E0,-1.517961884E1,1.295490265E1,-4.658596802E1,5.068039805E1
5.138310917E0,-1.547494507E1,1.270135498E1,-4.684777832E1,5.094617431E1
5.148283917E0,-1.536021423E1,1.268289185E1,-4.729321289E1,5.131705284E1
5.158256917E0,-1.542414093E1,1.282770538E1,-4.719000244E1,5.127719258E1
5.168229917E0,-1.554953003E1,1.245763397E1,-4.709976196E1,5.114066978E1
5.178203917E0,-1.580077362E1,1.260524750E1,-4.699325562E1,5.115586755E1
5.188176917E0,-1.594292450E1,1.256356049E1,-4.688378906E1,5.108923145E1
5.198149917E0,-1.586757660E1,1.256502533E1,-4.689453125E1,5.107599152E1
5.208122917E0,-1.598086548E1,1.235698700E1,-4.673825073E1,5.091706267E1
5.218095917E0,-1.592929840E1,1.201329803E1,-4.674212646E1,5.082212376E1
5.228069917E0,-1.587438202E1,1.212825775E1,-4.685577393E1,5.093676659E1
5.238042917E0,-1.589109039E1,1.194636536E1,-4.680331421E1,5.085068947E1
5.248015917E0,-1.610778046E1,1.230800629E1,-4.679052734E1,5.099314718E1
5.257988917E0,-1.628383636E1,1.213531494E1,-4.679208374E1,5.100910013E1
5.267962917E0,-1.650150299E1,1.212983704E1,-4.717233276E1,5.142627272E1
5.277935917E0,-1.647550964E1,1.212255859E1,-4.659613037E1,5.088809498E1
5.287908917E0,-1.663336945E1,1.210350800E1,-4.662139893E1,5.095800941E1
5.297881917E0,-1.653371429E1,1.215456390E1,-4.647207642E1,5.080109269E1
5.307855917E0,-1.669580078E1,1.223747253E1,-4.655072021E1,5.094580503E1
5.317828917E0,-1.700869751E1,1.230377960E1,-4.694088745E1,5.142106279E1
5.327801917E0,-1.700869751E1,1.230377960E1,-4.694088745E1,5.142106279E1
5.337774917E0,-1.692235565E1,1.232217407E1,-4.688024902E1,5.134159954E1
5.347747917E0,-1.696932220E1,1.207938385E1,-4.670220947E1,5.113673611E1
5.357721917E0,-1.693057251E1,1.219693756E1,-4.652120972E1,5.098659162E1
5.367694917E0,-1.703187561E1,1.197095490E1,-4.674407959E1,5.117027970E1
5.377667917E0,-1.718388367E1,1.202520752E1,-4.650863647E1,5.101906252E1
5.387640917E0,-1.715788269E1,1.188655090E1,-4.710211182E1,5.151982112E1
5.397614917E0,-1.719017029E1,1.188803864E1,-4.713906860E1,5.156470892E1
5.407587917E0,-1.716744232E1,1.157489014E1,-4.697000122E1,5.133108388E1
5.417560917E0,-1.714791107E1,1.160649872E1,-4.688446045E1,5.125343206E1
5.427533917E0,-1.736761475E1,1.164411163E1,-4.683666992E1,5.129223164E1
5.437507917E0,-1.744271851E1,1.149024200E1,-4.687817383E1,5.132092431E1
5.447480917E0,-1.749712372E1,1.119882965E1,-4.693734741E1,5.132911168E1
5.457453917E0,-1.729428101E1,1.117848206E1,-4.656698608E1,5.091694030E1
5.467426917E0,-1.756714630E1,1.125704956E1,-4.621417236E1,5.070577404E1
5.477399917E0,-1.781145477E1,1.128358459E1,-4.631271362E1,5.088648785E1
5.487373917E0,-1.785958099E1,1.126471710E1,-4.645394897E1,5.102771659E1
5.497346917E0,-1.790350342E1,1.102895355E1,-4.647433472E1,5.101016603E1
5.507319917E0,-1.808153534E1,1.074175262E1,-4.615176392E1,5.071797001E1
5.517292917E0,-1.812602234E1,1.097705841E1,-4.627999878E1,5.090075426E1
5.527266917E0,-1.823382568E1,1.086816406E1,-4.649526978E1,5.111163762E1
5.537239917E0,-1.834557343E1,1.080826569E1,-4.593249512E1,5.062778663E1
5.547212917E0,-1.839006042E1,1.056430054E1,-4.606155396E1,5.070961961E1
5.557185917E0,-1.844501495E1,1.046954346E1,-4.595480347E1,5.061298132E1
5.567159917E0,-1.875909424E1,1.053024292E1,-4.598812866E1,5.077103121E1
5.577132917E0,-1.890028381E1,1.028576660E1,-4.629943848E1,5.105541819E1
5.587105917E0,-1.895925140E1,9.993171692E0,-4.629565430E1,5.101572602E1
5.597078917E0,-1.888090515E1,9.957206726E0,-4.614694214E1,5.084461440E1
5.607051917E0,-1.909841919E1,9.683761597E0,-4.632562256E1,5.103516591E1
5.617025917E0,-1.923487854E1,9.556182861E0,-4.627398682E1,5.101551763E1
5.626998917E0,-1.923397064E1,9.403945923E0,-4.612899780E1,5.085532680E1
5.636971917E0,-1.925253296E1,9.231513977E0,-4.627346802E1,5.096189476E1
5.646944917E0,-1.945478821E1,9.221199036E0,-4.645724487E1,5.120346567E1
5.656918917E0,-1.970440674E1,8.861083984E0,-4.643780518E1,5.121769425E1
5.666891917E0,-1.953182220E1,9.121826172E0,-4.671569824E1,5.144955057E1
5.676864917E0,-1.953973389E1,9.108779907E0,-4.658508301E1,5.133167668E1
5.686837917E0,-1.963645172E1,8.935745239E0,-4.650909424E1,5.126922689E1
5.696810917E0,-1.974857330E1,8.846817017E0,-4.643395996E1,5.122875127E1
5.706784917E0,-1.967725372E1,8.551879883E0,-4.636392212E1,5.108759378E1
5.716757917E0,-2.004119873E1,8.376434326E0,-4.624713135E1,5.109414307E1
5.726730917E0,-1.998760986E1,8.318038940E0,-4.612289429E1,5.095111085E1
5.736703917E0,-2.012837219E1,8.200416565E0,-4.651806641E1,5.134519161E1
5.746677917E0,-1.995765686E1,7.972045898E0,-4.614407349E1,5.090321307E1
5.756650917E0,-2.001383972E1,8.008819580E0,-4.641824341E1,5.117956909E1
5.766623917E0,-2.019066620E1,7.652862549E0,-4.618017578E1,5.097879895E1
5.776596917E0,-2.004941559E1,7.440544128E0,-4.630792236E1,5.100749392E1
5.786570917E0,-2.000553894E1,7.566963196E0,-4.644683838E1,5.113501066E1
5.796543917E0,-1.993950653E1,7.231613159E0,-4.631399536E1,5.093983035E1
5.806516917E0,-1.989914703E1,7.290634155E0,-4.630123901E1,5.092086147E1
5.816486583E0,-2.003539276E1,7.048469543E0,-4.636834717E1,5.100119121E1
5.826459583E0,-2.030181122E1,7.031913757E0,-4.630664062E1,5.104817642E1
5.836433583E0,-2.072860718E1,6.690132141E0,-4.683361816E1,5.165095172E1
5.846406583E0,-2.046055603E1,6.654067993E0,-4.665539551E1,5.137739682E1
5.856379583E0,-2.043969727E1,6.525032043E0,-4.637237549E1,5.109554262E1
5.866352583E0,-2.045593262E1,6.346687317E0,-4.631188965E1,5.102466797E1
5.876326583E0,-2.043592072E1,6.240531921E0,-4.631118774E1,5.100291369E1
5.886299583E0,-2.064731598E1,6.396934509E0,-4.655975342E1,5.133267056E1
5.896272583E0,-2.049676514E1,6.339942932E0,-4.629269409E1,5.102279671E1
5.906245583E0,-2.059300995E1,6.048988342E0,-4.612979126E1,5.087848229E1
5.916218583E0,-2.067710876E1,6.109474182E0,-4.641232300E1,5.117589499E1
5.926192583E0,-2.055709839E1,6.102989197E0,-4.636486816E1,5.108367421E1
5.936165583E0,-2.078110504E1,5.769241333E0,-4.615594482E1,5.094614524E1
5.946138583E0,-2.076924133E1,5.709175110E0,-4.628973389E1,5.105580799E1
5.956111583E0,-2.087107849E1,5.672615051E0,-4.629623413E1,5.109913672E1
5.966085583E0,-2.086318970E1,5.782310486E0,-4.614645386E1,5.097257108E1
5.976058583E0,-2.090811157E1,5.637474060E0,-4.626107788E1,5.107854315E1
5.986031583E0,-2.101132965E1,5.481658936E0,-4.626028442E1,5.110321392E1
5.996004583E0,-2.122673035E1,5.286247253E0,-4.623086548E1,5.114500380E1
6.005977583E0,-2.138301086E1,5.194725037E0,-4.650872803E1,5.145172596E1
6.015951583E0,-2.161241913E1,4.964645386E0,-4.664297485E1,5.164602083E1
6.025924583E0,-2.174430847E1,4.916587830E0,-4.633264160E1,5.141693753E1
6.035897583E0,-2.178809357E1,5.127006531E0,-4.662799072E1,5.172211071E1
6.045870583E0,-2.204343414E1,4.917579651E0,-4.576953125E1,5.103866739E1
6.055844583E0,-2.233297729E1,4.810516357E0,-4.598046875E1,5.134302727E1
6.065817583E0,-2.259185791E1,4.494262695E0,-4.592028809E1,5.137376080E1
6.075790583E0,-2.289193726E1,4.410873413E0,-4.592761230E1,5.150574888E1
6.085763583E0,-2.287335968E1,4.404808044E0,-4.632479858E1,5.185151763E1
6.095736583E0,-2.293553162E1,4.030174255E0,-4.622430420E1,5.175874046E1
6.105710583E0,-2.292182922E1,4.181686401E0,-4.601199341E1,5.157519068E1
6.115683583E0,-2.326203918E1,3.958106995E0,-4.594784546E1,5.165262414E1
6.125656583E0,-2.324124146E1,3.788604736E0,-4.608352661E1,5.175133095E1
6.135629583E0,-2.348927307E1,3.780509949E0,-4.617593384E1,5.194473092E1
6.145603583E0,-2.353898621E1,3.728637695E0,-4.556686401E1,5.142300756E1
6.155576583E0,-2.359022522E1,3.201782227E0,-4.585565186E1,5.166711665E1
6.165549583E0,-2.367564392E1,3.065521240E0,-4.601263428E1,5.183720718E1
6.175522583E0,-2.373612213E1,2.986236572E0,-4.558670044E1,5.148269962E1
6.185495583E0,-2.373395538E1,2.808486938E0,-4.564569092E1,5.152394915E1
6.195469583E0,-2.373265076E1,2.512657166E0,-4.588702393E1,5.172205644E1
6.205442583E0,-2.390761566E1,2.351577759E0,-4.575003052E1,5.167368089E1
6.215415583E0,-2.388423920E1,2.019844055E0,-4.609091187E1,5.195102317E1
6.225388583E0,-2.377600098E1,1.847175598E0,-4.564727783E1,5.150130342E1
6.235362583E0,-2.402329254E1,1.685302734E0,-4.577502441E1,5.172341530E1
6.245335583E0,-2.408407593E1,1.350860596E0,-4.607662964E1,5.200887748E1
6.255308583E0,-2.406601715E1,1.154541016E0,-4.620413208E1,5.210880893E1
6.265281583E0,-2.424232483E1,1.265434265E0,-4.603262329E1,5.204127251E1
6.275254583E0,-2.406372070E1,8.988952637E-1,-4.563394165E1,5.159774508E1
6.285228583E0,-2.393025208E1,6.186294556E-1,-4.550701904E1,5.141914477E1
6.295201583E0,-2.424420929E1,1.842193604E-1,-4.568859863E1,5.172295106E1
6.305174583E0,-2.451867676E1,1.781082153E-1,-4.574517822E1,5.190200924E1
6.315147583E0,-2.435094452E1,-2.097015381E-1,-4.562448120E1,5.171659075E1
6.325121583E0,-2.440641785E1,-2.042388916E-1,-4.566778564E1,5.178089987E1
6.335094583E0,-2.431664276E1,-4.295272827E-1,-4.542315674E1,5.152423485E1
6.345067583E0,-2.449403381E1,-7.217559814E-1,-4.550958252E1,5.168752969E1
6.355040583E0,-2.460486603E1,-9.155120850E-1,-4.564959717E1,5.186639872E1
6.365013583E0,-2.450775909E1,-9.735031128E-1,-4.564334106E1,5.181594878E1
6.374987583E0,-2.459947205E1,-1.259117126E0,-4.578793335E1,5.199282875E1
6.384960583E0,-2.449828339E1,-1.408653259E0,-4.574996948E1,5.191541101E1
6.394933583E0,-2.476297760E1,-1.740959167E0,-4.564447021E1,5.195819146E1
6.404906583E0,-2.463188171E1,-1.983673096E0,-4.545748901E1,5.174019582E1
6.414880583E0,-2.477869415E1,-2.022682190E0,-4.560690308E1,5.194289687E1
6.424853583E0,-2.445296478E1,-2.610717773E0,-4.544241333E1,5.166987772E1
6.434826583E0,-2.471836853E1,-2.782157898E0,-4.586386108E1,5.217501221E1
6.444799583E0,-2.462139893E1,-3.185325623E0,-4.540286255E1,5.174726574E1
6.454772583E0,-2.476644897E1,-3.234893799E0,-4.519329834E1,5.163599275E1
6.464746583E0,-2.470727539E1,-3.509109497E0,-4.518005371E1,5.161395703E1
6.474719583E0,-2.459653473E1,-4.120391846E0,-4.532247925E1,5.173097984E1
6.484692583E0,-2.436291504E1,-4.467491150E0,-4.532656860E1,5.165276302E1
6.494665583E0,-2.433594513E1,-4.522384644E0,-4.532150269E1,5.164037949E1
6.504639583E0,-2.444241333E1,-4.791297913E0,-4.529617310E1,5.169266294E1
6.514612583E0,-2.422205353E1,-4.957450867E0,-4.570806885E1,5.196644835E1
6.524585583E0,-2.402315521E1,-5.521980286E0,-4.597418213E1,5.216540688E1
6.534558583E0,-2.396648407E1,-5.605010986E0,-4.585379028E1,5.204208480E1
6.544531583E0,-2.352677917E1,-6.044593811E0,-4.556475830E1,5.163519780E1
6.554505583E0,-2.332687378E1,-6.189201355E0,-4.571423340E1,5.169371711E1
6.564478583E0,-2.341149139E1,-6.457153320E0,-4.629080200E1,5.227457420E1
6.574451583E0,-2.321374512E1,-6.543136597E0,-4.610107422E1,5.202883473E1
6.584424583E0,-2.309989929E1,-6.738929749E0,-4.622927856E1,5.211683718E1
6.594398583E0,-2.301522064E1,-7.086364746E0,-4.601177979E1,5.193265664E1
6.604371583E0,-2.277392578E1,-7.501594543E0,-4.636645508E1,5.219936563E1
6.614344583E0,-2.266740417E1,-7.539840698E0,-4.639083862E1,5.218017169E1
6.624317583E0,-2.225318909E1,-7.591850281E0,-4.632943726E1,5.195437779E1
6.634290583E0,-2.188392639E1,-7.560836792E0,-4.635241699E1,5.181330957E1
6.644264583E0,-2.187026215E1,-7.882621765E0,-4.619375610E1,5.171370413E1
6.654237583E0,-2.184275055E1,-8.260421753E0,-4.628518677E1,5.184263528E1
6.664210583E0,-2.165884399E1,-8.561035156E0,-4.648193359E1,5.199006633E1
6.674183583E0,-2.148579407E1,-8.568550110E0,-4.626336670E1,5.172386776E1
6.684156583E0,-2.144104004E1,-8.916603088E0,-4.646850586E1,5.194753166E1
6.694130583E0,-2.113513184E1,-9.097785950E0,-4.628408813E1,5.168829966E1
6.704103583E0,-2.104875183E1,-9.325508118E0,-4.651910400E1,5.190416258E1
6.714076583E0,-2.093974304E1,-9.491935730E0,-4.642202759E1,5.180322700E1
6.724049583E0,-2.104302216E1,-9.691238403E0,-4.631201172E1,5.178350425E1
6.734023583E0,-2.079064941E1,-1.000554657E1,-4.669430542E1,5.208378081E1
6.743996583E0,-2.092166138E1,-1.007783508E1,-4.628216553E1,5.178143992E1
6.753969583E0,-2.081345367E1,-1.033982086E1,-4.651354980E1,5.199636588E1
6.763942583E0,-2.054856110E1,-1.060302734E1,-4.671966553E1,5.212863607E1
6.773915583E0,-2.039736938E1,-1.084281158E1,-4.666812134E1,5.207238030E1
6.783889583E0,-2.025416565E1,-1.079579926E1,-4.685827637E1,5.217737605E1
6.793862583E0,-1.984148407E1,-1.108502197E1,-4.678750610E1,5.201569888E1
6.803835583E0,-1.986338806E1,-1.142985535E1,-4.679592896E1,5.210618721E1
6.813808583E0,-1.956816864E1,-1.164054108E1,-4.700268555E1,5.222707984E1
6.823786167E0,-1.986400604E1,-1.195407867E1,-4.677282715E1,5.220321918E1
6.833759167E0,-1.963737488E1,-1.200352478E1,-4.674371338E1,5.210264715E1
6.843732167E0,-1.927685547E1,-1.231694031E1,-4.681817627E1,5.210802054E1
6.853705167E0,-1.902109528E1,-1.233638763E1,-4.670489502E1,5.191662300E1
6.863678167E0,-1.926835632E1,-1.239208221E1,-4.670645142E1,5.202235924E1
6.873652167E0,-1.922400665E1,-1.263747406E1,-4.683001709E1,5.217584387E1
6.883625167E0,-1.924938965E1,-1.282152557E1,-4.708074951E1,5.245500447E1
6.893598167E0,-1.915547943E1,-1.293404388E1,-4.705093384E1,5.242148661E1
6.903571167E0,-1.903195190E1,-1.312283325E1,-4.691662598E1,5.230290373E1
6.913544167E0,-1.902033997E1,-1.317588043E1,-4.730865479E1,5.266389632E1
6.923518167E0,-1.899900818E1,-1.334520721E1,-4.671871948E1,5.216987270E1
6.933491167E0,-1.905234528E1,-1.334320831E1,-4.694418335E1,5.239073791E1
6.943464167E0,-1.894580841E1,-1.339087677E1,-4.678735352E1,5.222370808E1
6.953437167E0,-1.852182770E1,-1.378355408E1,-4.718627930E1,5.253179435E1
6.963411167E0,-1.843383789E1,-1.377870941E1,-4.705599976E1,5.238250018E1
6.973384167E0,-1.827021790E1,-1.426249695E1,-4.705740356E1,5.245587585E1
6.983357167E0,-1.844701385E1,-1.420652771E1,-4.706356812E1,5.250806789E1
6.993330167E0,-1.836331177E1,-1.431796265E1,-4.696105957E1,5.241713832E1
7.003303167E0,-1.844911194E1,-1.450748444E1,-4.694256592E1,5.248277175E1
7.013277167E0,-1.814756775E1,-1.485753632E1,-4.652508545E1,5.210243926E1
7.023250167E0,-1.815202332E1,-1.483638000E1,-4.679791260E1,5.234174955E1
7.033223167E0,-1.828784943E1,-1.481964874E1,-4.695092773E1,5.252101523E1
7.043196167E0,-1.800321198E1,-1.502084351E1,-4.678628540E1,5.233257000E1
7.053169167E0,-1.791632843E1,-1.503553009E1,-4.637893677E1,5.194292796E1
7.063143167E0,-1.784243011E1,-1.536218262E1,-4.634738159E1,5.198488961E1
7.073116167E0,-1.771746826E1,-1.563754272E1,-4.623565674E1,5.192472800E1
7.083089167E0,-1.762247467E1,-1.580480194E1,-4.639718628E1,5.208687236E1
7.093062167E0,-1.761320496E1,-1.608963013E1,-4.657080078E1,5.232533489E1
7.103036167E0,-1.757083893E1,-1.590820312E1,-4.665518188E1,5.233078734E1
7.113009167E0,-1.767556000E1,-1.621782684E1,-4.642263794E1,5.225423085E1
7.122982167E0,-1.772876740E1,-1.624504852E1,-4.649856567E1,5.234813659E1
7.132955167E0,-1.773377228E1,-1.637136078E1,-4.640835571E1,5.230911596E1
7.142928167E0,-1.755374146E1,-1.632879639E1,-4.636047363E1,5.219249894E1
7.152902167E0,-1.732875061E1,-1.643460083E1,-4.638214111E1,5.216976822E1
7.162875167E0,-1.745570374E1,-1.638785553E1,-4.665109253E1,5.243651243E1
7.172848167E0,-1.743425751E1,-1.659297943E1,-4.626959229E1,5.215510973E1
7.182821167E0,-1.727767181E1,-1.660484314E1,-4.663446045E1,5.243101811E1
7.192795167E0,-1.697760010E1,-1.720642090E1,-4.655587769E1,5.245712127E1
7.202768167E0,-1.712723541E1,-1.729502106E1,-4.651748657E1,5.250082383E1
7.212741167E0,-1.710044098E1,-1.714144135E1,-4.687619019E1,5.276012983E1
7.222714167E0,-1.702303314E1,-1.722982788E1,-4.678878784E1,5.268625337E1
7.232687167E0,-1.687875366E1,-1.711408997E1,-4.668408203E1,5.250893177E1
7.242661167E0,-1.653593445E1,-1.730179596E1,-4.683224487E1,5.259323560E1
7.252634167E0,-1.634058380E1,-1.765110016E1,-4.645050049E1,5.230893816E1
7.262607167E0,-1.628134918E1,-1.773725128E1,-4.647549438E1,5.234179967E1
7.272580167E0,-1.621894073E1,-1.771694946E1,-4.677157593E1,5.257874715E1
7.282553167E0,-1.616662598E1,-1.796531677E1,-4.649212646E1,5.239876168E1
7.292527167E0,-1.631922150E1,-1.810900879E1,-4.627883911E1,5.230663571E1
7.302500167E0,-1.615953827E1,-1.829635620E1,-4.611679077E1,5.217897774E1
7.312473167E0,-1.605480194E1,-1.842565155E1,-4.647207642E1,5.250633473E1
7.322446167E0,-1.540088654E1,-1.866794586E1,-4.640039062E1,5.233235862E1
7.332420167E0,-1.529366302E1,-1.874056244E1,-4.660348511E1,5.250704366E1
7.342393167E0,-1.545113373E1,-1.880674744E1,-4.639318848E1,5.239044970E1
7.352366167E0,-1.514205170E1,-1.879768372E1,-4.677798462E1,5.263852665E1
7.362339167E0,-1.506150818E1,-1.897003937E1,-4.676824951E1,5.266859201E1
7.372312167E0,-1.493966675E1,-1.943689728E1,-4.642065430E1,5.249632143E1
7.382286167E0,-1.507408905E1,-1.918321991E1,-4.625912476E1,5.229847713E1
7.392259167E0,-1.487254333E1,-1.926800537E1,-4.619671631E1,5.221671355E1
7.402232167E0,-1.494719696E1,-1.974140167E1,-4.638989258E1,5.258482453E1
7.412205167E0,-1.492062378E1,-1.977318573E1,-4.658932495E1,5.276522612E1
7.422178167E0,-1.480152130E1,-1.993946838E1,-4.664358521E1,5.284213729E1
7.432152167E0,-1.475371552E1,-1.984580231E1,-4.683071899E1,5.295889191E1
7.442125167E0,-1.479177094E1,-1.991680908E1,-4.704370117E1,5.318444877E1
7.452098167E0,-1.446968842E1,-2.036126709E1,-4.675784302E1,5.301178137E1
7.462071167E0,-1.464428711E1,-2.057282257E1,-4.652658081E1,5.293787770E1
7.472045167E0,-1.453578949E1,-2.051180267E1,-4.637887573E1,5.275436796E1
7.482018167E0,-1.452100372E1,-2.077589417E1,-4.636386108E1,5.284037227E1
7.491991167E0,-1.443904877E1,-2.093942261E1,-4.658728027E1,5.307843471E1
7.501964167E0,-1.411486053E1,-2.103304291E1,-4.672091675E1,5.314567004E1
7.511937167E0,-1.399005127E1,-2.136746216E1,-4.677566528E1,5.329402252E1
7.521911167E0,-1.372792816E1,-2.138272095E1,-4.667907715E1,5.314708844E1
7.531884167E0,-1.392891693E1,-2.189941406E1,-4.679779053E1,5.351291677E1
7.541857167E0,-1.365573883E1,-2.192583466E1,-4.680456543E1,5.345922534E1
7.551830167E0,-1.346152496E1,-2.196754456E1,-4.650228882E1,5.316247298E1
7.561803167E0,-1.344296265E1,-2.206326294E1,-4.634216309E1,5.305748671E1
7.571777167E0,-1.349732208E1,-2.223023987E1,-4.641943359E1,5.320831780E1
7.581750167E0,-1.358689117E1,-2.236270905E1,-4.694674683E1,5.374654784E1
7.591723167E0,-1.343620300E1,-2.234519196E1,-4.683370972E1,5.360257009E1
7.601696167E0,-1.330167389E1,-2.241938019E1,-4.666705322E1,5.345443848E1
7.611670167E0,-1.323940277E1,-2.259245300E1,-4.671173096E1,5.355078456E1
7.621643167E0,-1.323771667E1,-2.270320129E1,-4.687246704E1,5.373733021E1
7.631616167E0,-1.321277618E1,-2.309260559E1,-4.722720337E1,5.420566968E1
7.641589167E0,-1.314173126E1,-2.319889069E1,-4.672467041E1,5.379673275E1
7.651562167E0,-1.286270142E1,-2.329029083E1,-4.640368652E1,5.349008186E1
7.661536167E0,-1.272936249E1,-2.321072388E1,-4.646688843E1,5.347846382E1
7.671509167E0,-1.309065247E1,-2.356513977E1,-4.651165771E1,5.375886250E1
7.681482167E0,-1.274134064E1,-2.334785461E1,-4.650323486E1,5.357252028E1
7.691455167E0,-1.273853302E1,-2.361583710E1,-4.646356201E1,5.365482812E1
7.701428167E0,-1.267896271E1,-2.372641754E1,-4.633230591E1,5.357594195E1
7.711402167E0,-1.265764618E1,-2.394477844E1,-4.623477173E1,5.358378988E1
7.721375167E0,-1.265482330E1,-2.404823303E1,-4.656115723E1,5.391106962E1
7.731348167E0,-1.245915222E1,-2.394123840E1,-4.683163452E1,5.405196909E1
7.741321167E0,-1.227306366E1,-2.386275482E1,-4.674691772E1,5.390114541E1
7.751294167E0,-1.229125214E1,-2.402275085E1,-4.655917358E1,5.381379082E1
7.761268167E0,-1.219811249E1,-2.429217529E1,-4.641998291E1,5.379329458E1
7.771241167E0,-1.207727051E1,-2.439559174E1,-4.598043823E1,5.343412822E1
7.781214167E0,-1.180103302E1,-2.440634155E1,-4.621765137E1,5.358176169E1
7.791187167E0,-1.182212830E1,-2.408197021E1,-4.602859497E1,5.327603178E1
7.801161167E0,-1.131699371E1,-2.437630463E1,-4.588546753E1,5.317663683E1
7.811134167E0,-1.152691650E1,-2.461610413E1,-4.592388916E1,5.336502583E1
7.821107583E0,-1.154372406E1,-2.472126007E1,-4.551702881E1,5.306786387E1
7.831080583E0,-1.152865601E1,-2.489565277E1,-4.565859985E1,5.326735564E1
7.841053583E0,-1.159043121E1,-2.525855255E1,-4.580670166E1,5.357785447E1
7.851027583E0,-1.152523804E1,-2.529233551E1,-4.589428711E1,5.365462642E1
7.861000583E0,-1.137689972E1,-2.532093811E1,-4.605358887E1,5.377282587E1
7.870973583E0,-1.110613251E1,-2.544514465E1,-4.593472290E1,5.367308761E1
7.880946583E0,-1.105556488E1,-2.576429749E1,-4.608020020E1,5.393894131E1
7.890919583E0,-1.101429749E1,-2.574586487E1,-4.581307983E1,5.369359916E1
7.900893583E0,-1.083078003E1,-2.591026306E1,-4.559658813E1,5.355087653E1
7.910866583E0,-1.071244049E1,-2.607533264E1,-4.585079956E1,5.382355594E1
7.920839583E0,-1.042040253E1,-2.589963531E1,-4.547747803E1,5.336269208E1
7.930812583E0,-1.022557831E1,-2.615608215E1,-4.570214844E1,5.364130365E1
7.940786583E0,-1.016645050E1,-2.604943085E1,-4.564736938E1,5.353141036E1
7.950759583E0,-9.891571045E0,-2.631823730E1,-4.555627441E1,5.353379242E1
7.960732583E0,-9.623268127E0,-2.619953156E1,-4.577798462E1,5.361573108E1
7.970705583E0,-9.387550354E0,-2.629496002E1,-4.570629883E1,5.355946953E1
7.980678583E0,-9.070030212E0,-2.640493011E1,-4.536322021E1,5.326638274E1
7.990652583E0,-8.795532227E0,-2.631262207E1,-4.564102173E1,5.341178083E1
8.000625583E0,-8.524833679E0,-2.642819214E1,-4.583221436E1,5.358837562E1
8.010598583E0,-8.359779358E0,-2.629471588E1,-4.589407349E1,5.354964029E1
8.020571583E0,-8.080238342E0,-2.666049957E1,-4.596630859E1,5.374917688E1
8.030544583E0,-7.717102051E0,-2.647417450E1,-4.589688110E1,5.354399382E1
8.040518583E0,-7.253082275E0,-2.674302673E1,-4.556085205E1,5.332530282E1
8.050491583E0,-6.844856262E0,-2.699581146E1,-4.547207642E1,5.332293716E1
8.060464583E0,-6.880897522E0,-2.706639099E1,-4.577041626E1,5.361778881E1
8.070437583E0,-6.367858887E0,-2.718071747E1,-4.554568481E1,5.342050575E1
8.080410583E0,-6.042716980E0,-2.733561707E1,-4.593914795E1,5.379735777E1
8.090384583E0,-5.666687012E0,-2.713541412E1,-4.547149658E1,5.325503772E1
8.100357583E0,-5.394836426E0,-2.759358215E1,-4.562872314E1,5.359561934E1
8.110330583E0,-5.238456726E0,-2.759000397E1,-4.546945190E1,5.344268710E1
8.120303583E0,-4.812377930E0,-2.768135071E1,-4.577465820E1,5.370973368E1
8.130277583E0,-4.223670959E0,-2.772606659E1,-4.573205566E1,5.364694847E1
8.140250583E0,-4.066932678E0,-2.785208893E1,-4.579315186E1,5.375213071E1
8.150223583E0,-3.550003052E0,-2.797680664E1,-4.585867310E1,5.383606718E1
8.160196583E0,-3.033271790E0,-2.802450562E1,-4.557977295E1,5.359187769E1
8.170169583E0,-2.484413147E0,-2.802777863E1,-4.573764038E1,5.369972468E1
8.180143583E0,-2.310714722E0,-2.802273560E1,-4.576300049E1,5.371094233E1
8.190116583E0,-1.941459656E0,-2.801025391E1,-4.539947510E1,5.338029532E1
8.200089583E0,-1.468727112E0,-2.811735535E1,-4.579736328E1,5.376003455E1
8.210062583E0,-1.091224670E0,-2.820797729E1,-4.569903564E1,5.371482675E1
8.220035583E0,-6.464614868E-1,-2.815736389E1,-4.587121582E1,5.382772050E1
8.230009583E0,-3.104095459E-1,-2.815101624E1,-4.574636841E1,5.371504716E1
8.239982583E0,1.129226685E-1,-2.804599762E1,-4.542437744E1,5.338506158E1
8.249955583E0,5.426177979E-1,-2.801828003E1,-4.541650391E1,5.336644336E1
8.259928583E0,1.105598450E0,-2.814897919E1,-4.560977173E1,5.360819578E1
8.269901583E0,1.105598450E0,-2.814897919E1,-4.560977173E1,5.360819578E1
8.279875583E0,1.907463074E0,-2.792590332E1,-4.568417358E1,5.357740389E1
8.289848583E0,2.300270081E0,-2.791522980E1,-4.545440674E1,5.339151982E1
8.299821583E0,2.455917358E0,-2.764084625E1,-4.522500610E1,5.305986326E1
8.309794583E0,2.983947754E0,-2.759249115E1,-4.563076782E1,5.340801891E1
8.319768583E0,3.523086548E0,-2.750756836E1,-4.547012329E1,5.325984010E1
8.329741583E0,4.038154602E0,-2.741088867E1,-4.544488525E1,5.322500452E1
8.339714583E0,4.618370056E0,-2.681561279E1,-4.593194580E1,5.338679684E1
8.349687583E0,4.998855591E0,-2.672630310E1,-4.611962891E1,5.353787449E1
8.359660583E0,5.283203125E0,-2.652925110E1,-4.599142456E1,5.335657909E1
8.369634583E0,5.600807190E0,-2.644759369E1,-4.616619873E1,5.349917904E1
8.379607583E0,6.078750610E0,-2.614979553E1,-4.664266968E1,5.381729880E1
8.389580583E0,6.499351501E0,-2.577456665E1,-4.632675171E1,5.341102676E1
8.399553583E0,6.998413086E0,-2.573595428E1,-4.623956299E1,5.337990553E1
8.409526583E0,7.376502991E0,-2.550873566E1,-4.586154175E1,5.299423933E1
8.419500583E0,7.819129944E0,-2.549365234E1,-4.624053955E1,5.337839077E1
8.429473583E0,8.008049011E0,-2.563719940E1,-4.671606445E1,5.388678428E1
8.439446583E0,8.120338440E0,-2.537812042E1,-4.645803833E1,5.355686901E1
8.449419583E0,8.540267944E0,-2.536529541E1,-4.606381226E1,5.327484573E1
8.459393583E0,8.957939148E0,-2.515583038E1,-4.628903198E1,5.343907707E1
8.469366583E0,9.273658752E0,-2.512554932E1,-4.578012085E1,5.303879184E1
8.479339583E0,9.675231934E0,-2.458014679E1,-4.605703735E1,5.309467411E1
8.489312583E0,9.748405457E0,-2.458581543E1,-4.611175537E1,5.315813872E1
8.499285583E0,1.029738617E1,-2.436051178E1,-4.622097778E1,5.325269461E1
8.509259583E0,1.031311798E1,-2.442408752E1,-4.610601807E1,5.318516105E1
8.519232583E0,1.078172302E1,-2.416563416E1,-4.629611206E1,5.332497930E1
8.529205583E0,1.113484192E1,-2.386356354E1,-4.639840698E1,5.335041274E1
8.539178583E0,1.177132416E1,-2.372226715E1,-4.604772949E1,5.311970842E1
8.549151583E0,1.184884644E1,-2.348697662E1,-4.625305176E1,5.321069469E1
8.559125583E0,1.224482727E1,-2.354754639E1,-4.625778198E1,5.333108971E1
8.569098583E0,1.230310822E1,-2.335474396E1,-4.612216187E1,5.314192650E1
8.579071583E0,1.255215454E1,-2.328450012E1,-4.619631958E1,5.323367799E1
8.589044583E0,1.275354004E1,-2.323876953E1,-4.638220215E1,5.342285905E1
8.599017583E0,1.298800659E1,-2.296901703E1,-4.651971436E1,5.348222024E1
8.608991583E0,1.320788574E1,-2.275619507E1,-4.622634888E1,5.318992377E1
8.618964583E0,1.329127502E1,-2.262915802E1,-4.657562256E1,5.346050319E1
8.628937583E0,1.359981537E1,-2.236588287E1,-4.622915649E1,5.312553628E1
8.638910583E0,1.382774353E1,-2.224436951E1,-4.654174805E1,5.340555006E1
8.648883583E0,1.402621460E1,-2.204075623E1,-4.621514893E1,5.308831907E1
8.658857583E0,1.416480255E1,-2.200856781E1,-4.657788086E1,5.342768640E1
8.668830583E0,1.439502716E1,-2.188571167E1,-4.674008179E1,5.358018690E1
8.678803583E0,1.477071381E1,-2.146292877E1,-4.654486084E1,5.334093520E1
8.688776583E0,1.488481140E1,-2.154676056E1,-4.689453125E1,5.371142860E1
8.698750583E0,1.508198547E1,-2.117481232E1,-4.692956543E1,5.364907337E1
8.708723583E0,1.532055664E1,-2.100711823E1,-4.655517578E1,5.332356762E1
8.718696583E0,1.558442688E1,-2.078650665E1,-4.665341187E1,5.339938257E1
8.728669583E0,1.549343872E1,-2.047682953E1,-4.633673096E1,5.297584192E1
8.738642583E0,1.554286957E1,-2.040768433E1,-4.600823975E1,5.267648905E1
8.748616583E0,1.578779602E1,-1.996677399E1,-4.597640991E1,5.255241988E1
8.758589583E0,1.603706360E1,-1.972560883E1,-4.638967896E1,5.289885978E1
8.768562583E0,1.615092468E1,-1.963116455E1,-4.630029297E1,5.281999734E1
8.778535583E0,1.654196930E1,-1.950186157E1,-4.660916138E1,5.316364620E1
8.788508583E0,1.661400604E1,-1.930890656E1,-4.653634644E1,5.305177291E1
8.798482583E0,1.685372925E1,-1.894268799E1,-4.652734375E1,5.298742619E1
8.808455583E0,1.705297852E1,-1.907068634E1,-4.623773193E1,5.284338188E1
8.818428583E0,1.721086884E1,-1.889541626E1,-4.667492676E1,5.321465540E1
8.828398292E0,1.759785461E1,-1.881314850E1,-4.647122192E1,5.313373232E1
8.838372292E0,1.769210052E1,-1.868726349E1,-4.666650391E1,5.329152676E1
8.848345292E0,1.788144684E1,-1.860458374E1,-4.671350098E1,5.336691719E1
8.858318292E0,1.806897736E1,-1.834353638E1,-4.659732056E1,5.323798975E1
8.868291292E0,1.818974304E1,-1.825605011E1,-4.643823242E1,5.310988183E1
8.878264292E0,1.835509491E1,-1.832376099E1,-4.587261963E1,5.269693499E1
8.888238292E0,1.842484283E1,-1.811463928E1,-4.607415771E1,5.282464386E1
8.898211292E0,1.840741730E1,-1.779523468E1,-4.634082031E1,5.294313002E1
8.908184292E0,1.864147186E1,-1.777048492E1,-4.627377319E1,5.295806542E1
8.918157292E0,1.888875580E1,-1.770893860E1,-4.614215088E1,5.291020402E1
8.928130292E0,1.924092102E1,-1.730565643E1,-4.617709351E1,5.293413597E1
8.938104292E0,1.916718292E1,-1.715000153E1,-4.601675415E1,5.271664932E1
8.948077292E0,1.919278717E1,-1.720137024E1,-4.598806763E1,5.271766859E1
8.958050292E0,1.951359558E1,-1.689586639E1,-4.611608887E1,5.284831470E1
8.968023292E0,1.962248230E1,-1.665270996E1,-4.630651855E1,5.297780876E1
8.977996292E0,1.990676880E1,-1.670641327E1,-4.632412720E1,5.311599052E1
8.987970292E0,2.010836792E1,-1.646603394E1,-4.611218262E1,5.293212748E1
8.997943292E0,1.997236633E1,-1.640386963E1,-4.617507935E1,5.291616302E1
9.007916292E0,2.027292633E1,-1.620585632E1,-4.603512573E1,5.284746089E1
9.017889292E0,2.029303741E1,-1.586996460E1,-4.597332764E1,5.269924096E1
9.027862292E0,2.030784607E1,-1.573932648E1,-4.604421997E1,5.272765121E1
9.037836292E0,2.013404083E1,-1.613568878E1,-4.597729492E1,5.272240227E1
9.047809292E0,2.033377838E1,-1.602512360E1,-4.631591797E1,5.306063877E1
9.057782292E0,2.060608673E1,-1.574311066E1,-4.586859131E1,5.269140359E1
9.067755292E0,2.098186493E1,-1.558544159E1,-4.589071655E1,5.281195424E1
9.077729292E0,2.114093781E1,-1.506982422E1,-4.566656494E1,5.253069585E1
9.087702292E0,2.107237244E1,-1.478196716E1,-4.568252563E1,5.243514644E1
9.097675292E0,2.108707428E1,-1.467689514E1,-4.530468750E1,5.208253702E1
9.107648292E0,2.117376709E1,-1.437100220E1,-4.543765259E1,5.214819642E1
9.117621292E0,2.118471527E1,-1.414072418E1,-4.555126953E1,5.218879571E1
9.127595292E0,2.134907532E1,-1.392232513E1,-4.567449951E1,5.230462752E1
9.137568292E0,2.131919098E1,-1.364175415E1,-4.549908447E1,5.206507513E1
9.147541292E0,2.152033234E1,-1.344551086E1,-4.577835083E1,5.234084324E1
9.157514292E0,2.151827240E1,-1.343789673E1,-4.578991699E1,5.234815769E1
9.167487292E0,2.165859222E1,-1.333650208E1,-4.572085571E1,5.231972431E1
9.177461292E0,2.159758759E1,-1.327746582E1,-4.531561279E1,5.192544319E1
9.187434292E0,2.169270325E1,-1.303910065E1,-4.545239258E1,5.202414354E1
9.197407292E0,2.182903290E1,-1.312533569E1,-4.583789062E1,5.243942535E1
9.207380292E0,2.180133057E1,-1.298191833E1,-4.574871826E1,5.231418011E1
9.217353292E0,2.167847443E1,-1.288885498E1,-4.565032959E1,5.215392054E1
9.227327292E0,2.187172699E1,-1.279943848E1,-4.603625488E1,5.255030762E1
9.237300292E0,2.237605286E1,-1.243851471E1,-4.564065552E1,5.233042925E1
9.247273292E0,2.223866272E1,-1.219355011E1,-4.577593994E1,5.233237489E1
9.257246292E0,2.262116241E1,-1.201725769E1,-4.608502197E1,5.272533283E1
9.267220292E0,2.251361084E1,-1.188671875E1,-4.584011841E1,5.243541944E1
9.277193292E0,2.236598206E1,-1.139886475E1,-4.586849976E1,5.228853164E1
9.287166292E0,2.251448059E1,-1.116098785E1,-4.600915527E1,5.242434411E1
9.297139292E0,2.248242950E1,-1.105745697E1,-4.575018311E1,5.216134819E1
9.307112292E0,2.251744080E1,-1.106546021E1,-4.546551514E1,5.192872631E1
9.317086292E0,2.261624146E1,-1.061434174E1,-4.561215210E1,5.200602895E1
9.327059292E0,2.270571136E1,-1.027988434E1,-4.571731567E1,5.207012870E1
9.337032292E0,2.263896179E1,-1.019839478E1,-4.579330444E1,5.209180913E1
9.347005292E0,2.280683899E1,-1.027994537E1,-4.586224365E1,5.224150241E1
9.356978292E0,2.298436737E1,-1.005508423E1,-4.584234619E1,5.225807657E1
9.366952292E0,2.300848389E1,-9.775169373E0,-4.559585571E1,5.199929158E1
9.376925292E0,2.310148621E1,-9.688766479E0,-4.564422607E1,5.206674788E1
9.386898292E0,2.323226166E1,-9.687789917E0,-4.556771851E1,5.205773934E1
9.396871292E0,2.326731873E1,-9.596038818E0,-4.568356323E1,5.215783768E1
9.406844292E0,2.319296265E1,-9.451484680E0,-4.557733154E1,5.200516541E1
9.416818292E0,2.335704803E1,-9.194740295E0,-4.530886841E1,5.179757232E1
9.426791292E0,2.359264374E1,-9.123283386E0,-4.554644775E1,5.209919425E1
9.436764292E0,2.340755463E1,-8.796669006E0,-4.532208252E1,5.176278744E1
9.446737292E0,2.347171021E1,-8.569190979E0,-4.542422485E1,5.184315208E1
9.456710292E0,2.347910309E1,-8.618453979E0,-4.516717529E1,5.162964027E1
9.466684292E0,2.327822876E1,-8.451568604E0,-4.560864258E1,5.189848961E1
9.476657292E0,2.356353760E1,-7.921546936E0,-4.558975220E1,5.192703261E1
9.486630292E0,2.328819275E1,-7.765327454E0,-4.613214111E1,5.225719736E1
9.496603292E0,2.339145660E1,-7.458610535E0,-4.577624512E1,5.194473727E1
9.506577292E0,2.327208710E1,-7.146881104E0,-4.587316895E1,5.193279866E1
9.516550292E0,2.324149323E1,-7.098243713E0,-4.571649170E1,5.177402519E1
9.526523292E0,2.321012878E1,-7.053695679E0,-4.595431519E1,5.196406244E1
9.536496292E0,2.313314056E1,-6.526359558E0,-4.601940918E1,5.191841275E1
9.546469292E0,2.318575287E1,-6.038635254E0,-4.592315674E1,5.179749585E1
9.556443292E0,2.312926483E1,-5.437889099E0,-4.612127686E1,5.188165098E1
9.566416292E0,2.342588806E1,-5.394401550E0,-4.609429932E1,5.198611573E1
9.576389292E0,2.355386353E1,-4.888114929E0,-4.593380737E1,5.185164235E1
9.586362292E0,2.349354553E1,-4.595405579E0,-4.637139893E1,5.218592792E1
9.596335292E0,2.352367401E1,-4.475616455E0,-4.611892700E1,5.196489016E1
9.606309292E0,2.357765961E1,-3.804397583E0,-4.588833618E1,5.173121757E1
9.616282292E0,2.348054504E1,-3.721366882E0,-4.591329956E1,5.170314926E1
9.626255292E0,2.373303223E1,-3.342071533E0,-4.617605591E1,5.202551682E1
9.636228292E0,2.370001984E1,-3.151069641E0,-4.596292114E1,5.180936498E1
9.646201292E0,2.362751770E1,-2.759414673E0,-4.648699951E1,5.221987252E1
9.656175292E0,2.376326752E1,-2.574844360E0,-4.660116577E1,5.237357500E1
9.666148292E0,2.373479462E1,-2.245521545E0,-4.636044312E1,5.213131044E1
9.676121292E0,2.377474976E1,-1.638748169E0,-4.613189697E1,5.192375314E1
9.686094292E0,2.367354584E1,-1.450111389E0,-4.616711426E1,5.190319869E1
9.696067292E0,2.369301605E1,-1.078094482E0,-4.616461182E1,5.190079654E1
9.706041292E0,2.341638947E1,-9.433441162E-1,-4.605734253E1,5.167684196E1
9.716014292E0,2.344167328E1,-4.409103394E-1,-4.630529785E1,5.190266908E1
9.725987292E0,2.353440857E1,-1.231536865E-1,-4.654074097E1,5.215289180E1
9.735960292E0,2.346067047E1,1.662216187E-1,-4.646420288E1,5.205144415E1
9.745933292E0,2.343567657E1,6.702346802E-1,-4.664212036E1,5.220313729E1
9.755907292E0,2.338925934E1,8.522796631E-1,-4.639407349E1,5.196338988E1
9.765880292E0,2.331562805E1,1.346771240E0,-4.630972290E1,5.186542913E1
9.775853292E0,2.318058777E1,1.731719971E0,-4.618740845E1,5.170701309E1
9.785826292E0,2.287693787E1,2.083305359E0,-4.666937256E1,5.201658180E1
9.795800292E0,2.266990662E1,2.436111450E0,-4.647763062E1,5.176900088E1
9.805773292E0,2.258613586E1,2.600196838E0,-4.636975098E1,5.164347357E1
9.815746292E0,2.269789124E1,3.258811951E0,-4.655841064E1,5.189893760E1
9.825718167E0,2.236768341E1,3.722404480E0,-4.626879883E1,5.152641363E1
9.835691167E0,2.214823151E1,3.870231628E0,-4.638995361E1,5.155143691E1
9.845665167E0,2.202686310E1,4.177246094E0,-4.632461548E1,5.146457113E1
9.855638167E0,2.202642059E1,4.388839722E0,-4.640957642E1,5.155845131E1
9.865611167E0,2.185205078E1,4.585189819E0,-4.639505005E1,5.148821960E1
9.875584167E0,2.150159454E1,5.006782532E0,-4.652465820E1,5.149689564E1
9.885557167E0,2.131730652E1,5.093650818E0,-4.618923950E1,5.112551889E1
9.895531167E0,2.098908234E1,5.481155396E0,-4.635961914E1,5.118397140E1
9.905504167E0,2.124697876E1,5.987495422E0,-4.628579712E1,5.128020303E1
9.915477167E0,2.089138031E1,6.318763733E0,-4.613070679E1,5.103350522E1
9.925450167E0,2.072228241E1,6.473442078E0,-4.602456665E1,5.088790795E1
9.935423167E0,2.074890900E1,6.925666809E0,-4.642141724E1,5.131695688E1
9.945397167E0,2.051404572E1,7.476104736E0,-4.620745850E1,5.110623675E1
9.955370167E0,2.041307068E1,7.564178467E0,-4.606918335E1,5.095370354E1
9.965343167E0,1.993981934E1,8.273414612E0,-4.598864746E1,5.080355775E1
9.975316167E0,1.958900452E1,8.448951721E0,-4.622961426E1,5.091454721E1
9.985289167E0,1.947634888E1,8.947395325E0,-4.637878418E1,5.109183566E1
9.995263167E0,1.912616730E1,9.302253723E0,-4.615908813E1,5.082325862E1
1.000523617E1,1.888395691E1,9.778564453E0,-4.628112793E1,5.093296530E1
1.001520917E1,1.886338806E1,1.037127686E1,-4.663732910E1,5.136566225E1
1.002518217E1,1.852600861E1,1.086705017E1,-4.665124512E1,5.135800274E1
1.003515517E1,1.843347931E1,1.099923706E1,-4.622396851E1,5.096500407E1
1.004512917E1,1.800785828E1,1.129324341E1,-4.624011230E1,5.089173108E1
1.005510217E1,1.806369019E1,1.163055420E1,-4.631536865E1,5.105565657E1
1.006507517E1,1.789910126E1,1.203613281E1,-4.641809082E1,5.118481683E1
1.007504817E1,1.734206390E1,1.203163147E1,-4.619775391E1,5.079113901E1
1.008502117E1,1.737042999E1,1.251451874E1,-4.624044800E1,5.095609923E1
1.009499517E1,1.716924286E1,1.274430847E1,-4.657293701E1,5.124684147E1
1.010496817E1,1.700464630E1,1.297468567E1,-4.632168579E1,5.102155465E1
1.011494117E1,1.699096680E1,1.361704254E1,-4.636193848E1,5.122056364E1
1.012491417E1,1.663922119E1,1.378581238E1,-4.642193604E1,5.120457450E1
1.013488717E1,1.640124512E1,1.397531891E1,-4.654272461E1,5.128874725E1
1.014486117E1,1.618461609E1,1.406652069E1,-4.653030396E1,5.123356311E1
1.015483417E1,1.592201233E1,1.444973755E1,-4.624029541E1,5.099480671E1
1.016480717E1,1.571513367E1,1.496293640E1,-4.625677490E1,5.109348409E1
1.017478017E1,1.560545349E1,1.513030243E1,-4.613662720E1,5.100043725E1
1.018475417E1,1.513272858E1,1.538709259E1,-4.623654175E1,5.102528673E1
1.019472717E1,1.516616821E1,1.586311340E1,-4.579571533E1,5.078285703E1
1.020470017E1,1.491132355E1,1.594381714E1,-4.590856934E1,5.083453170E1
1.021467317E1,1.459569550E1,1.591821289E1,-4.614526367E1,5.094908427E1
1.022464617E1,1.432150269E1,1.632301331E1,-4.621929932E1,5.106632777E1
1.023462017E1,1.403525543E1,1.664174652E1,-4.600985718E1,5.090032495E1
1.024459317E1,1.372186279E1,1.707386780E1,-4.603640747E1,5.098193104E1
1.025456617E1,1.337029266E1,1.743943787E1,-4.592349243E1,5.091037101E1
1.026453917E1,1.337258148E1,1.754106140E1,-4.604977417E1,5.105973435E1
1.027451217E1,1.326003265E1,1.766990662E1,-4.548568726E1,5.056680543E1
1.028448617E1,1.307910919E1,1.805871582E1,-4.611029053E1,5.121854358E1
1.029445917E1,1.275855255E1,1.815146637E1,-4.583349609E1,5.092117201E1
1.030443217E1,1.250425720E1,1.826722717E1,-4.577850342E1,5.084996964E1
1.031440517E1,1.219422913E1,1.860379791E1,-4.589382935E1,5.100043228E1
1.032437817E1,1.202774048E1,1.874575806E1,-4.578662109E1,5.091644781E1
1.033435217E1,1.170722198E1,1.888404846E1,-4.541680908E1,5.056038845E1
1.034432517E1,1.187465668E1,1.920503998E1,-4.534341431E1,5.065438039E1
1.035429817E1,1.147551727E1,1.934529114E1,-4.548541260E1,5.074298518E1
1.036427117E1,1.123482513E1,1.974909210E1,-4.571484375E1,5.104992531E1
1.037424417E1,1.112406921E1,2.002467346E1,-4.529516602E1,5.075809815E1
1.038421817E1,1.100717163E1,2.022185516E1,-4.520419312E1,5.072967897E1
1.039419117E1,1.087186432E1,2.047505951E1,-4.497186279E1,5.059539444E1
1.040416417E1,1.032453918E1,2.063123322E1,-4.487002563E1,5.045357365E1
1.041413717E1,1.019304657E1,2.095589447E1,-4.507778931E1,5.074499778E1
1.042411017E1,1.027082062E1,2.092642212E1,-4.525717163E1,5.090792161E1
1.043408417E1,9.746215820E0,2.094250488E1,-4.531604004E1,5.086374660E1
1.044405717E1,9.718971252E0,2.106212616E1,-4.519772339E1,5.080261568E1
1.045403017E1,9.521972656E0,2.112133789E1,-4.503506470E1,5.064519651E1
1.046400317E1,9.350479126E0,2.130235291E1,-4.518743896E1,5.082446595E1
1.047397617E1,9.208747864E0,2.123101044E1,-4.543780518E1,5.099167560E1
1.048395017E1,9.144935608E0,2.182994843E1,-4.512011719E1,5.095097124E1
1.049392317E1,8.779090881E0,2.159091949E1,-4.526803589E1,5.091596326E1
1.050389617E1,8.606178284E0,2.156122589E1,-4.512478638E1,5.074641970E1
1.051386917E1,8.296539307E0,2.175611877E1,-4.504943848E1,5.071107547E1
1.052384217E1,8.144203186E0,2.177883148E1,-4.459445190E1,5.029225275E1
1.053381617E1,8.102630615E0,2.197394562E1,-4.476162720E1,5.051841425E1
1.054378917E1,8.008499146E0,2.200235748E1,-4.476119995E1,5.051539186E1
1.055376217E1,7.811073303E0,2.187902069E1,-4.465695190E1,5.033833297E1
1.056373517E1,7.596000671E0,2.183181763E1,-4.475143433E1,5.036882331E1
1.057370817E1,7.280029297E0,2.179875946E1,-4.465878296E1,5.022540827E1
1.058368217E1,7.197784424E0,2.208026886E1,-4.515359497E1,5.077591469E1
1.059365517E1,6.851394653E0,2.204899597E1,-4.477731323E1,5.037963490E1
1.060362817E1,6.700881958E0,2.213367462E1,-4.475573730E1,5.037735000E1
1.061360117E1,6.492408752E0,2.216549683E1,-4.504876709E1,5.062461889E1
1.062357517E1,6.480560303E0,2.226668549E1,-4.515982056E1,5.076625195E1
1.063354817E1,6.353981018E0,2.221496582E1,-4.524127197E1,5.080010306E1
1.064352117E1,6.156852722E0,2.198109436E1,-4.543045044E1,5.084290680E1
1.065349417E1,6.106483459E0,2.194200897E1,-4.512445068E1,5.054658196E1
1.066346717E1,6.089874268E0,2.193537140E1,-4.526159668E1,5.066418085E1
1.067344117E1,5.774116516E0,2.183023834E1,-4.526397705E1,5.058386448E1
1.068341417E1,5.544631958E0,2.205647278E1,-4.528494263E1,5.067501321E1
1.069338717E1,5.368461609E0,2.207482910E1,-4.543771362E1,5.080063267E1
1.070336017E1,5.364868164E0,2.195805359E1,-4.538882446E1,5.070585088E1
1.071333317E1,5.267227173E0,2.196076965E1,-4.534677124E1,5.065914279E1
1.072330717E1,5.147247314E0,2.195426941E1,-4.523254395E1,5.054173653E1
1.073328017E1,5.183914185E0,2.156030273E1,-4.547186279E1,5.059061105E1
1.074325317E1,5.428977966E0,2.139279175E1,-4.530203247E1,5.039245466E1
1.075322617E1,4.982681274E0,2.161830902E1,-4.562481689E1,5.073265530E1
1.076319917E1,4.948135376E0,2.160125732E1,-4.575518799E1,5.083931146E1
1.077317317E1,4.992050171E0,2.120130157E1,-4.556735229E1,5.050543880E1
1.078314617E1,5.219581604E0,2.144015503E1,-4.546640015E1,5.053828076E1
1.079311917E1,5.083168030E0,2.116036224E1,-4.577551270E1,5.068527488E1
1.080309217E1,5.063056946E0,2.125348663E1,-4.563937378E1,5.059938417E1
1.081306517E1,5.132072449E0,2.123690796E1,-4.583255005E1,5.077368483E1
1.082303967E1,5.282203674E0,2.134274292E1,-4.593698120E1,5.092760148E1
1.083301267E1,5.242111206E0,2.143471527E1,-4.578329468E1,5.082358527E1
1.084298567E1,5.228576660E0,2.119667053E1,-4.581216431E1,5.074831282E1
1.085295867E1,5.467819214E0,2.143071747E1,-4.594018555E1,5.098699193E1
1.086293167E1,5.415061951E0,2.150159454E1,-4.569342041E1,5.078907493E1
1.087290567E1,5.419326782E0,2.131384277E1,-4.539968872E1,5.044581977E1
1.088287867E1,5.312927246E0,2.105697632E1,-4.570394897E1,5.060113042E1
1.089285167E1,5.304824829E0,2.125271606E1,-4.560430908E1,5.059221396E1
1.090282467E1,5.323593140E0,2.109209442E1,-4.596524048E1,5.085292935E1
1.091279767E1,5.032798767E0,2.097694397E1,-4.586703491E1,5.068674514E1
1.092277167E1,4.874900818E0,2.077682495E1,-4.592852783E1,5.064455333E1
1.093274467E1,4.944648743E0,2.071985626E1,-4.594390869E1,5.064192671E1
1.094271767E1,4.898796082E0,2.074172211E1,-4.617526245E1,5.085638703E1
1.095269067E1,4.670310974E0,2.086042023E1,-4.607705688E1,5.079433145E1
1.096266367E1,4.565269470E0,2.077989197E1,-4.621102905E1,5.087341940E1
1.097263767E1,4.481132507E0,2.092842865E1,-4.628356934E1,5.099263148E1
1.098261067E1,4.532234192E0,2.100247955E1,-4.620999146E1,5.096085365E1
1.099258367E1,4.626136780E0,2.073441315E1,-4.630242920E1,5.094341940E1
1.100255667E1,4.322494507E0,2.082953644E1,-4.633441162E1,5.098461775E1
1.101252967E1,4.274543762E0,2.069967651E1,-4.625628662E1,5.085658644E1
1.102250367E1,4.224327087E0,2.080341339E1,-4.634823608E1,5.097828887E1
1.103247667E1,4.191627502E0,2.077241516E1,-4.627545166E1,5.089676217E1
1.104244967E1,4.422317505E0,2.066759491E1,-4.612356567E1,5.073548740E1
1.105242267E1,4.177886963E0,2.063435364E1,-4.609851074E1,5.067843705E1
1.106239667E1,3.881111145E0,2.075098419E1,-4.623315430E1,5.082490457E1
1.107236967E1,4.138305664E0,2.087342834E1,-4.614160156E1,5.081213417E1
1.108234267E1,4.264122009E0,2.073913574E1,-4.633172607E1,5.094038996E1
1.109231567E1,4.261238098E0,2.067565155E1,-4.638546753E1,5.096324475E1
1.110228867E1,4.261238098E0,2.067565155E1,-4.638546753E1,5.096324475E1
1.111226267E1,4.020698547E0,2.066883850E1,-4.617041016E1,5.074518377E1
1.112223567E1,4.049591064E0,2.075358582E1,-4.629315186E1,5.089367761E1
1.113220867E1,4.043441772E0,2.078666687E1,-4.632550049E1,5.093610641E1
1.114218167E1,3.933113098E0,2.083576202E1,-4.622622681E1,5.085727482E1
1.115215467E1,3.781623840E0,2.096322632E1,-4.655026245E1,5.119262125E1
1.116212867E1,3.755714417E0,2.056058502E1,-4.627682495E1,5.077782562E1
1.117210167E1,3.978538513E0,2.068016052E1,-4.641217041E1,5.096653186E1
1.118207467E1,3.895584106E0,2.081615448E1,-4.630780029E1,5.092052858E1
1.119204767E1,3.878257751E0,2.051463318E1,-4.644338989E1,5.092032524E1
1.120202067E1,3.508483887E0,2.076773834E1,-4.633444214E1,5.089684610E1
1.121199467E1,3.490821838E0,2.085797882E1,-4.601968384E1,5.064634654E1
1.122196767E1,3.620620728E0,2.084758759E1,-4.584542847E1,5.049291152E1
1.123194067E1,3.458419800E0,2.073017883E1,-4.613626099E1,5.069768791E1
1.124191367E1,3.372535706E0,2.070842743E1,-4.608666992E1,5.063787227E1
1.125188667E1,3.435371399E0,2.057576752E1,-4.614517212E1,5.064129634E1
1.126186067E1,3.295890808E0,2.066443634E1,-4.629586792E1,5.080540534E1
1.127183367E1,3.111557007E0,2.056478119E1,-4.635906982E1,5.081097684E1
1.128180667E1,3.184181213E0,2.062567902E1,-4.631756592E1,5.080230858E1
1.129177967E1,3.378013611E0,2.050148010E1,-4.630737305E1,5.075524072E1
1.130175267E1,3.226425171E0,2.038970947E1,-4.647778320E1,5.085601639E1
1.131172667E1,3.358314514E0,2.035492706E1,-4.617874146E1,5.057744057E1
1.132169967E1,3.121215820E0,2.040079498E1,-4.639959717E1,5.078244816E1
1.133167267E1,3.179443359E0,2.037101746E1,-4.671557617E1,5.106302252E1
1.134164567E1,2.790016174E0,2.005136871E1,-4.680950928E1,5.099972290E1
1.135161867E1,2.952865601E0,1.998495483E1,-4.688973999E1,5.105649372E1
1.136159267E1,3.040954590E0,1.997752380E1,-4.634786987E1,5.056158526E1
1.137156567E1,2.904289246E0,1.995399475E1,-4.681866455E1,5.097630972E1
1.138153867E1,2.652481079E0,1.988391876E1,-4.670349121E1,5.082934165E1
1.139151167E1,2.640678406E0,1.966627502E1,-4.644049072E1,5.050202703E1
1.140148467E1,2.680175781E0,1.988732910E1,-4.680236816E1,5.092298957E1
1.141145867E1,2.501106262E0,2.012951660E1,-4.655664062E1,5.078359733E1
1.142143167E1,2.545486450E0,2.009848022E1,-4.679229736E1,5.098968034E1
1.143140467E1,2.384933472E0,2.001803589E1,-4.673986816E1,5.090211140E1
1.144137767E1,2.197311401E0,1.993029022E1,-4.683303833E1,5.094485376E1
1.145135167E1,2.164344788E0,1.983788300E1,-4.668118286E1,5.076769468E1
1.146132467E1,2.398925781E0,1.993668365E1,-4.659869385E1,5.074115163E1
1.147129767E1,2.474334717E0,1.999612427E1,-4.641510010E1,5.059969205E1
1.148127067E1,2.550109863E0,1.989264679E1,-4.677365112E1,5.089199245E1
1.149124367E1,2.460884094E0,2.001963043E1,-4.633843994E1,5.053803092E1
1.150121767E1,2.602973938E0,1.971603394E1,-4.644204712E1,5.052089873E1
1.151119067E1,2.520294189E0,1.989548492E1,-4.663836670E1,5.076730692E1
1.152116367E1,2.436538696E0,2.000808716E1,-4.653784180E1,5.071519488E1
1.153113667E1,2.588172913E0,1.994583130E1,-4.663650513E1,5.078876289E1
1.154110967E1,2.749038696E0,1.986412048E1,-4.667550659E1,5.080101782E1
1.155108367E1,2.957992554E0,2.001036835E1,-4.651806641E1,5.072568446E1
1.156105667E1,3.165634155E0,1.987099457E1,-4.639425659E1,5.056980037E1
1.157102967E1,3.318809509E0,1.988577271E1,-4.654180908E1,5.072078908E1
1.158100267E1,3.229377747E0,1.984000397E1,-4.661251831E1,5.076200844E1
1.159097567E1,3.114265442E0,1.947737122E1,-4.635418701E1,5.037635648E1
1.160094967E1,3.383140564E0,1.950563049E1,-4.633935547E1,5.039098259E1
1.161092267E1,3.620201111E0,1.945845795E1,-4.621298218E1,5.027302620E1
1.162089567E1,3.615150452E0,1.913737488E1,-4.648806763E1,5.040286561E1
1.163086867E1,3.469177246E0,1.912004852E1,-4.685861206E1,5.072810829E1
1.164084167E1,3.217506409E0,1.936792755E1,-4.727011108E1,5.118527490E1
1.165081567E1,2.810844421E0,1.937007904E1,-4.699517822E1,5.090822708E1
1.166078867E1,2.624992371E0,1.929614258E1,-4.679016113E1,5.068087294E1
1.167076167E1,2.156494141E0,1.944005585E1,-4.672994995E1,5.065821217E1
1.168073467E1,2.050064087E0,1.929726410E1,-4.670336914E1,5.057461669E1
1.169070767E1,1.864677429E0,1.942730713E1,-4.685006714E1,5.075259673E1
1.170068167E1,1.252479553E0,1.928778076E1,-4.674954224E1,5.058761599E1
1.171065467E1,1.202018738E0,1.946616364E1,-4.695883179E1,5.084789335E1
1.172062767E1,1.165565491E0,1.943115234E1,-4.681097412E1,5.069709580E1
1.173060067E1,1.227363586E0,1.920316315E1,-4.655023193E1,5.037054684E1
1.174057367E1,1.328887939E0,1.922135925E1,-4.695996094E1,5.075888618E1
1.175054767E1,1.364448547E0,1.923125458E1,-4.678097534E1,5.059804864E1
1.176052067E1,1.262619019E0,1.930950928E1,-4.674365234E1,5.059071446E1
1.177049367E1,1.452140808E0,1.923543549E1,-4.675863647E1,5.058142719E1
1.178046667E1,1.505744934E0,1.945057678E1,-4.678598022E1,5.069043451E1
1.179044067E1,1.362228394E0,1.943340302E1,-4.667080688E1,5.057348153E1
1.180041367E1,1.363716125E0,1.946025848E1,-4.670156860E1,5.061223066E1
1.181038667E1,1.530662537E0,1.949697113E1,-4.681283569E1,5.073377964E1
1.182035967E1,1.331077576E0,1.965139771E1,-4.705850220E1,5.101423163E1
1.183033267E1,1.530899048E0,1.941556549E1,-4.673742676E1,5.063294279E1
1.184030667E1,1.778984070E0,1.952156830E1,-4.664410400E1,5.059573946E1
1.185027967E1,1.773704529E0,1.956771088E1,-4.676864624E1,5.072817371E1
1.186025267E1,2.002204895E0,1.929956055E1,-4.678372192E1,5.064778869E1
1.187022567E1,2.441482544E0,1.930756378E1,-4.703353882E1,5.090085097E1
1.188019867E1,2.621948242E0,1.911825562E1,-4.695190430E1,5.076281737E1
1.189017267E1,2.889007568E0,1.908372498E1,-4.704199219E1,5.084765435E1
1.190014567E1,2.976814270E0,1.899953461E1,-4.731842041E1,5.107716367E1
1.191011867E1,3.395538330E0,1.881016541E1,-4.720385742E1,5.092696887E1
1.192009167E1,3.765129089E0,1.875270844E1,-4.700765991E1,5.074997893E1
1.193006467E1,3.615158081E0,1.850427246E1,-4.701586914E1,5.065539871E1
1.194003867E1,3.530731201E0,1.885726929E1,-4.713299561E1,5.088793514E1
1.195001167E1,3.646682739E0,1.885409546E1,-4.700378418E1,5.077529850E1
1.195998467E1,3.631675720E0,1.933721161E1,-4.706265259E1,5.100990188E1
1.196995767E1,3.613189697E0,1.925462341E1,-4.686032104E1,5.079060298E1
1.197993067E1,3.671348572E0,1.920397949E1,-4.696252441E1,5.086993540E1
1.198990467E1,3.725822449E0,1.924739838E1,-4.687469482E1,5.080926207E1
1.199987767E1,3.664062500E0,1.908684540E1,-4.698260498E1,5.084386091E1
1.200985067E1,3.907814026E0,1.912586975E1,-4.698663330E1,5.088038535E1
1.201982367E1,3.746215820E0,1.934996796E1,-4.674887085E1,5.073373945E1
1.202979667E1,3.821220398E0,1.923122406E1,-4.671884155E1,5.066647669E1
1.203977067E1,3.702026367E0,1.950278473E1,-4.679187012E1,5.082856205E1
1.204974367E1,3.735961914E0,1.952794647E1,-4.695468140E1,5.099058942E1
1.205971667E1,3.441528320E0,1.947676086E1,-4.703536987E1,5.102464454E1
1.206968967E1,3.597572327E0,1.947935486E1,-4.682678223E1,5.084422608E1
1.207966367E1,3.727027893E0,1.946112061E1,-4.663952637E1,5.067416868E1
1.208963667E1,3.765983582E0,1.943901825E1,-4.654913330E1,5.058537213E1
1.209960967E1,3.468223572E0,1.950807190E1,-4.698880005E1,5.099549759E1
1.210958267E1,3.490692139E0,1.948244476E1,-4.697680664E1,5.097618020E1
1.211955567E1,3.484352112E0,1.953751373E1,-4.713555908E1,5.114309418E1
1.212952967E1,3.441459656E0,1.976235199E1,-4.674884033E1,5.087089810E1
1.213950267E1,3.479667664E0,1.976963043E1,-4.645776367E1,5.060899307E1
1.214947567E1,3.599327087E0,1.961497498E1,-4.685787964E1,5.092507519E1
1.215944867E1,3.733619690E0,1.967519379E1,-4.623013306E1,5.038132957E1
1.216942167E1,3.654853821E0,1.974648285E1,-4.667306519E1,5.081000448E1
1.217939567E1,3.521949768E0,1.962912750E1,-4.682730103E1,5.089698319E1
1.218936867E1,3.677963257E0,1.959028625E1,-4.668188477E1,5.075928580E1
1.219934167E1,3.593658447E0,1.953967285E1,-4.670159912E1,5.075187244E1
1.220931467E1,3.454414368E0,1.960305786E1,-4.670202637E1,5.076703776E1
1.221928767E1,3.436256409E0,1.950283051E1,-4.686663818E1,5.087877780E1
1.222926167E1,3.308105469E0,1.961396790E1,-4.672329712E1,5.078107711E1
1.223923467E1,3.336334229E0,1.989963531E1,-4.655212402E1,5.073683931E1
1.224920767E1,3.387237549E0,1.957658386E1,-4.622268677E1,5.031155718E1
1.225918067E1,3.340896606E0,1.983303070E1,-4.652487183E1,5.068603748E1
1.226915467E1,3.349311829E0,1.999934387E1,-4.648486328E1,5.071522611E1
1.227912767E1,3.385070801E0,1.958502197E1,-4.628775024E1,5.037447382E1
1.228910067E1,3.290824890E0,1.951856995E1,-4.692736816E1,5.093114945E1
1.229907367E1,3.234565735E0,1.943959808E1,-4.673831177E1,5.072307341E1
1.230904667E1,3.283889771E0,1.934944153E1,-4.669979858E1,5.065625339E1
1.231902067E1,3.114288330E0,1.946520996E1,-4.679299927E1,5.077576165E1
1.232899367E1,3.358062744E0,1.937417603E1,-4.687896729E1,5.083574388E1
1.233896667E1,3.057701111E0,1.921690369E1,-4.693972778E1,5.081315743E1
1.234893967E1,2.980293274E0,1.926895905E1,-4.694619751E1,5.083424428E1
1.235891267E1,3.078544617E0,1.943462372E1,-4.722106934E1,5.115673392E1
1.236888667E1,3.054122925E0,1.956172943E1,-4.705517578E1,5.105074429E1
1.237885967E1,2.952590942E0,1.949471283E1,-4.687857056E1,5.085628770E1
1.238883267E1,2.978919983E0,1.955620575E1,-4.694879150E1,5.094613009E1
1.239880567E1,2.728378296E0,1.955776978E1,-4.707019043E1,5.104462003E1
1.240877867E1,2.934593201E0,1.959272003E1,-4.711810303E1,5.111361999E1
1.241875267E1,2.974357605E0,1.950136566E1,-4.716622925E1,5.112536794E1
1.242872567E1,2.531730652E0,1.926230621E1,-4.713967896E1,5.098622787E1
1.243869867E1,2.867553711E0,1.973069763E1,-4.729122925E1,5.132235046E1
1.244867167E1,2.922439575E0,1.962618256E1,-4.717904663E1,5.118193173E1
1.245864567E1,3.119400024E0,1.943697357E1,-4.706982422E1,5.102053459E1
1.246861867E1,3.154289246E0,1.941085052E1,-4.721716309E1,5.114871600E1
1.247859167E1,2.864105225E0,1.929025269E1,-4.697726440E1,5.086433248E1
1.248856467E1,2.838150024E0,1.930821228E1,-4.695037842E1,5.084486396E1
1.249853767E1,3.007804871E0,1.932260132E1,-4.704669189E1,5.094900421E1
1.250851167E1,3.005012512E0,1.962172699E1,-4.677264404E1,5.081065342E1
1.251848467E1,3.231163025E0,1.961985016E1,-4.686758423E1,5.091119117E1
1.252845767E1,3.094009399E0,1.960441589E1,-4.695834351E1,5.098031033E1
1.253843067E1,3.179489136E0,1.966310883E1,-4.682559204E1,5.088598107E1
1.254840467E1,3.013557434E0,1.962580872E1,-4.691223145E1,5.094125396E1
1.255837767E1,2.931358337E0,1.950789642E1,-4.681460571E1,5.080116330E1
1.256835067E1,2.771774292E0,1.937301636E1,-4.704061890E1,5.094915428E1
1.257832367E1,2.849792480E0,1.952645874E1,-4.696310425E1,5.094052482E1
1.258829667E1,2.816268921E0,1.924933624E1,-4.684332275E1,5.072243294E1
1.259827067E1,2.783607483E0,1.939313507E1,-4.656274414E1,5.051664380E1
1.260824367E1,2.824317932E0,1.933360291E1,-4.650634766E1,5.044408137E1
1.261821667E1,2.846023560E0,1.917955017E1,-4.684429932E1,5.069855396E1
1.262818967E1,2.794258118E0,1.908078766E1,-4.672894287E1,5.055174021E1
1.263816267E1,2.922904968E0,1.934686279E1,-4.703036499E1,5.093819495E1
1.264813667E1,2.839141846E0,1.902224731E1,-4.680767822E1,5.060499343E1
1.265810967E1,2.867607117E0,1.927301788E1,-4.709310913E1,5.096502052E1
1.266808267E1,3.093803406E0,1.937936401E1,-4.708776855E1,5.101361893E1
1.267805567E1,2.969718933E0,1.925774384E1,-4.733013916E1,5.118419679E1
1.268802967E1,3.176536560E0,1.922355652E1,-4.709793091E1,5.096911423E1
1.269800267E1,3.184104919E0,1.889409637E1,-4.707144165E1,5.082170817E1
1.270797567E1,3.283782959E0,1.904791260E1,-4.702783203E1,5.084509013E1
1.271794867E1,3.107284546E0,1.894088745E1,-4.728067017E1,5.102817071E1
1.272792167E1,3.180747986E0,1.891284943E1,-4.753616333E1,5.125914411E1
1.273789567E1,3.240074158E0,1.928195953E1,-4.756219482E1,5.142425907E1
1.274786867E1,3.094154358E0,1.914870453E1,-4.775027466E1,5.153964888E1
1.275784167E1,3.040100098E0,1.898986816E1,-4.767712402E1,5.140977978E1
1.276781467E1,3.099830627E0,1.937031555E1,-4.768518066E1,5.156253029E1
1.277778867E1,3.447837830E0,1.930107880E1,-4.724157715E1,5.114866411E1
1.278776167E1,3.532920837E0,1.934777832E1,-4.712020874E1,5.106008350E1
1.279773467E1,3.673347473E0,1.918611908E1,-4.749130249E1,5.135196646E1
1.280770767E1,3.670776367E0,1.918647766E1,-4.749234009E1,5.135287617E1
1.281768067E1,3.240325928E0,1.922270203E1,-4.741052246E1,5.126177548E1
1.282765429E1,3.365280151E0,1.916175079E1,-4.753082275E1,5.135831886E1
1.283762729E1,3.274124146E0,1.883751678E1,-4.719143677E1,5.091761612E1
1.284760029E1,3.375740051E0,1.888853455E1,-4.718753052E1,5.093952684E1
1.285757329E1,3.437812805E0,1.903035736E1,-4.707281494E1,5.089030325E1
1.286754729E1,3.384719849E0,1.893785858E1,-4.692181396E1,5.071247817E1
1.287752029E1,3.712242126E0,1.892758942E1,-4.732272339E1,5.110258831E1
1.288749329E1,3.610115051E0,1.890729523E1,-4.701303101E1,5.080102192E1
1.289746629E1,3.404647827E0,1.908036041E1,-4.713626099E1,5.096546753E1
1.290743929E1,3.548606873E0,1.917493439E1,-4.719866943E1,5.106843561E1
1.291741329E1,3.565345764E0,1.885882568E1,-4.716952515E1,5.092475920E1
1.292738629E1,3.471351624E0,1.884374237E1,-4.679376221E1,5.056474157E1
1.293735929E1,3.747566223E0,1.900361633E1,-4.717706299E1,5.099859761E1
1.294733229E1,3.813583374E0,1.892690277E1,-4.736828613E1,5.115198528E1
1.295730629E1,3.831069946E0,1.892558289E1,-4.761441040E1,5.138080247E1
1.296727929E1,3.697601318E0,1.882177734E1,-4.761462402E1,5.133306906E1
1.297725229E1,4.022743225E0,1.870882416E1,-4.785772705E1,5.154187233E1
1.298722529E1,4.111907959E0,1.867644501E1,-4.764688110E1,5.134143224E1
1.299719829E1,3.891784668E0,1.861380768E1,-4.730670166E1,5.098572198E1
1.300717229E1,3.734146118E0,1.883925629E1,-4.708831787E1,5.085441087E1
1.301714529E1,4.055152893E0,1.904755402E1,-4.722854614E1,5.108609546E1
1.302711829E1,4.173065186E0,1.885308838E1,-4.719720459E1,5.099440690E1
1.303709129E1,4.309623718E0,1.865620422E1,-4.748446655E1,5.119962282E1
1.304706529E1,4.260833740E0,1.844567108E1,-4.771862793E1,5.133677958E1
1.305703829E1,4.240112305E0,1.846084595E1,-4.732925415E1,5.097881603E1
1.306701129E1,4.422363281E0,1.872568512E1,-4.759783936E1,5.133968145E1
1.307698429E1,4.612892151E0,1.879202271E1,-4.737963867E1,5.117859955E1
1.308695729E1,4.732429504E0,1.831377411E1,-4.729635620E1,5.093854651E1
1.309693129E1,4.616149902E0,1.857153320E1,-4.727282715E1,5.099932227E1
1.310690429E1,4.642608643E0,1.873724365E1,-4.709832764E1,5.090079155E1
1.311687729E1,4.592163086E0,1.843266296E1,-4.713891602E1,5.082251892E1
1.312685029E1,4.764755249E0,1.852959442E1,-4.716671753E1,5.089939100E1
1.313682429E1,4.525466919E0,1.852596283E1,-4.724478149E1,5.094860673E1
1.314679729E1,4.481193542E0,1.866551208E1,-4.733926392E1,5.108315128E1
1.315677029E1,4.273994446E0,1.844194794E1,-4.714639282E1,5.080506696E1
1.316674329E1,4.254005432E0,1.834506989E1,-4.711132812E1,5.073574075E1
1.317671629E1,4.263069153E0,1.854101562E1,-4.719177246E1,5.088227989E1
1.318669029E1,4.356254578E0,1.867361450E1,-4.721582031E1,5.096091169E1
1.319666329E1,4.458824158E0,1.847412109E1,-4.736581421E1,5.103620890E1
1.320663629E1,4.287895203E0,1.872049713E1,-4.716033936E1,5.092092562E1